blocknumber,timestamp,poolid,liquidityprovider,token1,tokenout,token1delta,token2delta,protocolfeetoken1,protocolfeetoken2
13823886,1639761175,0x27c9f71cc31464b906e0006d4fcbc8900f48f15f00020000000000000000010f,0x7d781C2463c300ed86E7a51f456779de6bFEAFc9,0x43D4A3cd90ddD2F8f4f693170C9c8098163502ad,0xA0b86991c6218b36c1d19D4a2e9Eb0cE3606eB48,2978961087320796872090858,400000000000,0,0
13823985,1639762592,0x27c9f71cc31464b906e0006d4fcbc8900f48f15f00020000000000000000010f,0x5c8A889C2B9107896eB8eCB2DE1348953D086Fb0,0x43D4A3cd90ddD2F8f4f693170C9c8098163502ad,0xA0b86991c6218b36c1d19D4a2e9Eb0cE3606eB48,30573017093043010542533,4092341297,0,0
13828914,1639827538,0x27c9f71cc31464b906e0006d4fcbc8900f48f15f00020000000000000000010f,0x9b40d52Bd9fa0256C7853D3d02f2B5DC66802a0A,0x43D4A3cd90ddD2F8f4f693170C9c8098163502ad,0xA0b86991c6218b36c1d19D4a2e9Eb0cE3606eB48,21000000000000000000000,0,0,0
13830994,1639855550,0x27c9f71cc31464b906e0006d4fcbc8900f48f15f00020000000000000000010f,0xB9D53Cc752D3d1888FE8e340a65027C1a2d86f94,0x43D4A3cd90ddD2F8f4f693170C9c8098163502ad,0xA0b86991c6218b36c1d19D4a2e9Eb0cE3606eB48,103754519694308264710110,13565241642,0,0
13831296,1639859521,0x27c9f71cc31464b906e0006d4fcbc8900f48f15f00020000000000000000010f,0xC4d9d1a93068d311Ab18E988244123430eB4F1CD,0x43D4A3cd90ddD2F8f4f693170C9c8098163502ad,0xA0b86991c6218b36c1d19D4a2e9Eb0cE3606eB48,54759347790359353702560,0,0,0
13857999,1640216380,0x27c9f71cc31464b906e0006d4fcbc8900f48f15f00020000000000000000010f,0x5C57abD3548b87Ef9bAbEa37ed3abD51fad523a3,0x43D4A3cd90ddD2F8f4f693170C9c8098163502ad,0xA0b86991c6218b36c1d19D4a2e9Eb0cE3606eB48,0,413165918,0,0
13938268,1641289221,0x27c9f71cc31464b906e0006d4fcbc8900f48f15f00020000000000000000010f,0xeD89BD21C53C97D4B346B7236080c4f373a096D8,0x43D4A3cd90ddD2F8f4f693170C9c8098163502ad,0xA0b86991c6218b36c1d19D4a2e9Eb0cE3606eB48,0,5452698557,156091954746243678134,0
14102682,1643486412,0x27c9f71cc31464b906e0006d4fcbc8900f48f15f00020000000000000000010f,0x130daD1E7981AbF598aaEc5ABef9f38b1d9EBD98,0x43D4A3cd90ddD2F8f4f693170C9c8098163502ad,0xA0b86991c6218b36c1d19D4a2e9Eb0cE3606eB48,0,2858057209,771842317992562774860,0
14128072,1643824287,0x27c9f71cc31464b906e0006d4fcbc8900f48f15f00020000000000000000010f,0x70eCe45cDc64A768f936Ccb8aC851578251363e3,0x43D4A3cd90ddD2F8f4f693170C9c8098163502ad,0xA0b86991c6218b36c1d19D4a2e9Eb0cE3606eB48,12917833782393853007090,1500000000,133524679498309642026,0
14136942,1643943578,0x27c9f71cc31464b906e0006d4fcbc8900f48f15f00020000000000000000010f,0x5ca12f79e4d33b0Bd153B40df59f6DB9eE03482e,0x43D4A3cd90ddD2F8f4f693170C9c8098163502ad,0xA0b86991c6218b36c1d19D4a2e9Eb0cE3606eB48,11663263946166929628593,2554000000,38272937693393728642,0
14146794,1644074917,0x27c9f71cc31464b906e0006d4fcbc8900f48f15f00020000000000000000010f,0xEB70b4FB3AA7452A688D46CE597A54746e4620Fd,0x43D4A3cd90ddD2F8f4f693170C9c8098163502ad,0xA0b86991c6218b36c1d19D4a2e9Eb0cE3606eB48,3910989294645997947159,300020918,26713681717956658362,0
14270358,1645726422,0x27c9f71cc31464b906e0006d4fcbc8900f48f15f00020000000000000000010f,0xc89dA7F8c6E075A59EC631D8Ae933073fE0e620a,0x43D4A3cd90ddD2F8f4f693170C9c8098163502ad,0xA0b86991c6218b36c1d19D4a2e9Eb0cE3606eB48,700000000000000000000,350000000,2506172859730300983628,0
14281052,1645869803,0x27c9f71cc31464b906e0006d4fcbc8900f48f15f00020000000000000000010f,0xb2a3b5B9d2C0f07cBA328b58737147cfc172EB9f,0x43D4A3cd90ddD2F8f4f693170C9c8098163502ad,0xA0b86991c6218b36c1d19D4a2e9Eb0cE3606eB48,7600000000000000000000,503481447,126304893073084346225,0
14319083,1646378966,0x27c9f71cc31464b906e0006d4fcbc8900f48f15f00020000000000000000010f,0x0F3347b37F40870c68a7348B5660DFe37D357dba,0x43D4A3cd90ddD2F8f4f693170C9c8098163502ad,0xA0b86991c6218b36c1d19D4a2e9Eb0cE3606eB48,7127972502226103139789,477403702,153884265675295920018,0
14343554,1646707146,0x27c9f71cc31464b906e0006d4fcbc8900f48f15f00020000000000000000010f,0x13687eC1edf8eBe8C1377790c3522c20bb902e21,0x43D4A3cd90ddD2F8f4f693170C9c8098163502ad,0xA0b86991c6218b36c1d19D4a2e9Eb0cE3606eB48,605230432955010383045517,38470690564,206299896925766152781,0
14345936,1646739109,0x27c9f71cc31464b906e0006d4fcbc8900f48f15f00020000000000000000010f,0xB99129701697D1E85c5B77EB57b3603B0bF8b1D5,0x43D4A3cd90ddD2F8f4f693170C9c8098163502ad,0xA0b86991c6218b36c1d19D4a2e9Eb0cE3606eB48,21390517544149273795789,0,10111117680403149729,0
14445100,1648072222,0x27c9f71cc31464b906e0006d4fcbc8900f48f15f00020000000000000000010f,0x23b6d8e09CB33B1550DE19aC25cC3F41ae4603Bb,0x43D4A3cd90ddD2F8f4f693170C9c8098163502ad,0xA0b86991c6218b36c1d19D4a2e9Eb0cE3606eB48,2370400000000000000000,148971781,663517402668679203400,0
14474265,1648464968,0x27c9f71cc31464b906e0006d4fcbc8900f48f15f00020000000000000000010f,0x2073b0eC6953db5C279bb8951713EecE0975E61c,0x43D4A3cd90ddD2F8f4f693170C9c8098163502ad,0xA0b86991c6218b36c1d19D4a2e9Eb0cE3606eB48,15876000000000000000000,0,268913150145207595474,0
14492775,1648714238,0x27c9f71cc31464b906e0006d4fcbc8900f48f15f00020000000000000000010f,0x682DBC3Daebd0181796359260afC3c3b9c1490fe,0x43D4A3cd90ddD2F8f4f693170C9c8098163502ad,0xA0b86991c6218b36c1d19D4a2e9Eb0cE3606eB48,58356971951557965268504,0,927927287871217905862,0
14527562,1649183485,0x27c9f71cc31464b906e0006d4fcbc8900f48f15f00020000000000000000010f,0x5C89C420A9E82Ea9AEDBaAab03302e39982919b9,0x43D4A3cd90ddD2F8f4f693170C9c8098163502ad,0xA0b86991c6218b36c1d19D4a2e9Eb0cE3606eB48,11544884652442900638691,0,138469182545398733313,0
14535921,1649296175,0x27c9f71cc31464b906e0006d4fcbc8900f48f15f00020000000000000000010f,0x3fb4185036dBf5E0322C23584948fa97597B482c,0x43D4A3cd90ddD2F8f4f693170C9c8098163502ad,0xA0b86991c6218b36c1d19D4a2e9Eb0cE3606eB48,84405114155126514486751,5574057519,580147971265445136799,0
14537357,1649315506,0x27c9f71cc31464b906e0006d4fcbc8900f48f15f00020000000000000000010f,0x5C89C420A9E82Ea9AEDBaAab03302e39982919b9,0x43D4A3cd90ddD2F8f4f693170C9c8098163502ad,0xA0b86991c6218b36c1d19D4a2e9Eb0cE3606eB48,19293516948080811613762,0,0,0
14537715,1649320539,0x27c9f71cc31464b906e0006d4fcbc8900f48f15f00020000000000000000010f,0xaDDfdc72494E29A131B1d4d6668184840f1Fc30C,0x43D4A3cd90ddD2F8f4f693170C9c8098163502ad,0xA0b86991c6218b36c1d19D4a2e9Eb0cE3606eB48,5195648224984956753407,372387826,26163710122419087491,0
14538629,1649333190,0x27c9f71cc31464b906e0006d4fcbc8900f48f15f00020000000000000000010f,0xEFC34498fa7825aEE43B495e44646e3710b19ad5,0x43D4A3cd90ddD2F8f4f693170C9c8098163502ad,0xA0b86991c6218b36c1d19D4a2e9Eb0cE3606eB48,3968978102000000000000,284470334,0,0
14539281,1649341668,0x27c9f71cc31464b906e0006d4fcbc8900f48f15f00020000000000000000010f,0xaDDfdc72494E29A131B1d4d6668184840f1Fc30C,0x43D4A3cd90ddD2F8f4f693170C9c8098163502ad,0xA0b86991c6218b36c1d19D4a2e9Eb0cE3606eB48,23035610149758164011327,1694829316,201382219718577526973,0
14539671,1649347375,0x27c9f71cc31464b906e0006d4fcbc8900f48f15f00020000000000000000010f,0x04e8e5aA372D8e2233D2EF26079e23E3309003D5,0x43D4A3cd90ddD2F8f4f693170C9c8098163502ad,0xA0b86991c6218b36c1d19D4a2e9Eb0cE3606eB48,0,2053809996,0,0
14539832,1649349445,0x27c9f71cc31464b906e0006d4fcbc8900f48f15f00020000000000000000010f,0x8974C8D22dC32693BFE8DE16c839b3b741B1d9Df,0x43D4A3cd90ddD2F8f4f693170C9c8098163502ad,0xA0b86991c6218b36c1d19D4a2e9Eb0cE3606eB48,11160324307901437920674,0,0,0
14543399,1649397084,0x27c9f71cc31464b906e0006d4fcbc8900f48f15f00020000000000000000010f,0x5e4568C4D8343052a06EC8AAB1e124AF08B73248,0x43D4A3cd90ddD2F8f4f693170C9c8098163502ad,0xA0b86991c6218b36c1d19D4a2e9Eb0cE3606eB48,0,2646772280,184637367908728447398,0
14543696,1649401310,0x27c9f71cc31464b906e0006d4fcbc8900f48f15f00020000000000000000010f,0x311Cb5b8C61aC1d160E3D21a0390d9C1Fa64688E,0x43D4A3cd90ddD2F8f4f693170C9c8098163502ad,0xA0b86991c6218b36c1d19D4a2e9Eb0cE3606eB48,200000000000000000000000,0,0,0
14545124,1649421050,0x27c9f71cc31464b906e0006d4fcbc8900f48f15f00020000000000000000010f,0x13772b10C274A289F8169d793e3F60DF9656d437,0x43D4A3cd90ddD2F8f4f693170C9c8098163502ad,0xA0b86991c6218b36c1d19D4a2e9Eb0cE3606eB48,62611238055551496797589,0,124289952571018861064,0
14545219,1649422283,0x27c9f71cc31464b906e0006d4fcbc8900f48f15f00020000000000000000010f,0x5e92e51672787504A5f0B085CB6D069faE640520,0x43D4A3cd90ddD2F8f4f693170C9c8098163502ad,0xA0b86991c6218b36c1d19D4a2e9Eb0cE3606eB48,88351000000000000000000,0,0,0
14546681,1649441556,0x27c9f71cc31464b906e0006d4fcbc8900f48f15f00020000000000000000010f,0x8D4DFd6A6513735A30A6aBa43EA9BD8EC187e3E9,0x43D4A3cd90ddD2F8f4f693170C9c8098163502ad,0xA0b86991c6218b36c1d19D4a2e9Eb0cE3606eB48,293537052393976668498480,21275836006,0,0
14550608,1649494965,0x27c9f71cc31464b906e0006d4fcbc8900f48f15f00020000000000000000010f,0xb2a3b5B9d2C0f07cBA328b58737147cfc172EB9f,0x43D4A3cd90ddD2F8f4f693170C9c8098163502ad,0xA0b86991c6218b36c1d19D4a2e9Eb0cE3606eB48,-7473280217840920469947,-540772343,8504500535835308405,0
14553365,1649531631,0x27c9f71cc31464b906e0006d4fcbc8900f48f15f00020000000000000000010f,0x311Cb5b8C61aC1d160E3D21a0390d9C1Fa64688E,0x43D4A3cd90ddD2F8f4f693170C9c8098163502ad,0xA0b86991c6218b36c1d19D4a2e9Eb0cE3606eB48,264277000000000000000000,0,99373882137702052786,0
14553434,1649532670,0x27c9f71cc31464b906e0006d4fcbc8900f48f15f00020000000000000000010f,0x22bb05438ae1E34A87e08cE9794C7BCb3E363BF0,0x43D4A3cd90ddD2F8f4f693170C9c8098163502ad,0xA0b86991c6218b36c1d19D4a2e9Eb0cE3606eB48,17007652369398082961820,0,0,0
14553684,1649535919,0x27c9f71cc31464b906e0006d4fcbc8900f48f15f00020000000000000000010f,0x51eF8F14a9a4F806F0102ca92B3E35839C3dDe69,0x43D4A3cd90ddD2F8f4f693170C9c8098163502ad,0xA0b86991c6218b36c1d19D4a2e9Eb0cE3606eB48,57994381044703719154232,4000000000,281762196841781892772,0
14554214,1649543342,0x27c9f71cc31464b906e0006d4fcbc8900f48f15f00020000000000000000010f,0x60a17dfE47C933168e3e0316E5606d3E67940C99,0x43D4A3cd90ddD2F8f4f693170C9c8098163502ad,0xA0b86991c6218b36c1d19D4a2e9Eb0cE3606eB48,34635877631042567912411,2490489013,277715291607810461444,0
14556961,1649580461,0x27c9f71cc31464b906e0006d4fcbc8900f48f15f00020000000000000000010f,0x5e92e51672787504A5f0B085CB6D069faE640520,0x43D4A3cd90ddD2F8f4f693170C9c8098163502ad,0xA0b86991c6218b36c1d19D4a2e9Eb0cE3606eB48,7473000000000000000000,0,39735457645187713663,0
14564454,1649680746,0x27c9f71cc31464b906e0006d4fcbc8900f48f15f00020000000000000000010f,0x8974C8D22dC32693BFE8DE16c839b3b741B1d9Df,0x43D4A3cd90ddD2F8f4f693170C9c8098163502ad,0xA0b86991c6218b36c1d19D4a2e9Eb0cE3606eB48,0,-3033908484,263808199275131781298,0
14571195,1649772930,0x27c9f71cc31464b906e0006d4fcbc8900f48f15f00020000000000000000010f,0x0cb3e38741Ed54FDe0B7b7e1C93DCd28a4A6F15C,0x43D4A3cd90ddD2F8f4f693170C9c8098163502ad,0xA0b86991c6218b36c1d19D4a2e9Eb0cE3606eB48,11710000000000000000000,769295982,141474193501295404552,0
14576105,1649838750,0x27c9f71cc31464b906e0006d4fcbc8900f48f15f00020000000000000000010f,0x682DBC3Daebd0181796359260afC3c3b9c1490fe,0x43D4A3cd90ddD2F8f4f693170C9c8098163502ad,0xA0b86991c6218b36c1d19D4a2e9Eb0cE3606eB48,0,1456461931,66335749955812733895,0
14576162,1649839450,0x27c9f71cc31464b906e0006d4fcbc8900f48f15f00020000000000000000010f,0x311Cb5b8C61aC1d160E3D21a0390d9C1Fa64688E,0x43D4A3cd90ddD2F8f4f693170C9c8098163502ad,0xA0b86991c6218b36c1d19D4a2e9Eb0cE3606eB48,14054006158056390403631,1595871986,0,0
14576187,1649839864,0x27c9f71cc31464b906e0006d4fcbc8900f48f15f00020000000000000000010f,0x290B06796D7b395cb9fB2C695B42c78EBD8e0636,0x43D4A3cd90ddD2F8f4f693170C9c8098163502ad,0xA0b86991c6218b36c1d19D4a2e9Eb0cE3606eB48,3828185957227486997207,250000000,0,0
14576777,1649848154,0x27c9f71cc31464b906e0006d4fcbc8900f48f15f00020000000000000000010f,0x812E758C83e4a197355A72e12065e6A24f0367E3,0x43D4A3cd90ddD2F8f4f693170C9c8098163502ad,0xA0b86991c6218b36c1d19D4a2e9Eb0cE3606eB48,16377013249455304605388,1069502202,0,0
14586148,1649974163,0x27c9f71cc31464b906e0006d4fcbc8900f48f15f00020000000000000000010f,0x78C29CfB200eEa81C051d9f0a83cAf0Ff2470d62,0x43D4A3cd90ddD2F8f4f693170C9c8098163502ad,0xA0b86991c6218b36c1d19D4a2e9Eb0cE3606eB48,5950000000000000000000,419885997,534639252916400840473,0
14593748,1650076781,0x27c9f71cc31464b906e0006d4fcbc8900f48f15f00020000000000000000010f,0x78C29CfB200eEa81C051d9f0a83cAf0Ff2470d62,0x43D4A3cd90ddD2F8f4f693170C9c8098163502ad,0xA0b86991c6218b36c1d19D4a2e9Eb0cE3606eB48,-5953607255397544137288,-418907481,125838530518006421787,0
14603647,1650210232,0x27c9f71cc31464b906e0006d4fcbc8900f48f15f00020000000000000000010f,0x5e4568C4D8343052a06EC8AAB1e124AF08B73248,0x43D4A3cd90ddD2F8f4f693170C9c8098163502ad,0xA0b86991c6218b36c1d19D4a2e9Eb0cE3606eB48,0,-2427746606,59617639270335909773,0
14626625,1650521189,0x27c9f71cc31464b906e0006d4fcbc8900f48f15f00020000000000000000010f,0x682DBC3Daebd0181796359260afC3c3b9c1490fe,0x43D4A3cd90ddD2F8f4f693170C9c8098163502ad,0xA0b86991c6218b36c1d19D4a2e9Eb0cE3606eB48,-49046640787112656985961,-3869243116,1312557048543827960181,0
14626684,1650522040,0x27c9f71cc31464b906e0006d4fcbc8900f48f15f00020000000000000000010f,0x5C89C420A9E82Ea9AEDBaAab03302e39982919b9,0x43D4A3cd90ddD2F8f4f693170C9c8098163502ad,0xA0b86991c6218b36c1d19D4a2e9Eb0cE3606eB48,-29831287944159515888871,0,1461085498468,0
14626944,1650525516,0x27c9f71cc31464b906e0006d4fcbc8900f48f15f00020000000000000000010f,0x6937936DB9baa313f8d487792e84AAA93B0c5B20,0x43D4A3cd90ddD2F8f4f693170C9c8098163502ad,0xA0b86991c6218b36c1d19D4a2e9Eb0cE3606eB48,79945520755684637817923,6342589610,0,0
14628281,1650544022,0x27c9f71cc31464b906e0006d4fcbc8900f48f15f00020000000000000000010f,0x8272F0E0CC27d19483433b329A9b6eAfC2EF2360,0x43D4A3cd90ddD2F8f4f693170C9c8098163502ad,0xA0b86991c6218b36c1d19D4a2e9Eb0cE3606eB48,10000000000000000000000,793363974,0,0
14635658,1650643593,0x27c9f71cc31464b906e0006d4fcbc8900f48f15f00020000000000000000010f,0x51eF8F14a9a4F806F0102ca92B3E35839C3dDe69,0x43D4A3cd90ddD2F8f4f693170C9c8098163502ad,0xA0b86991c6218b36c1d19D4a2e9Eb0cE3606eB48,0,-21610757115,39887671640534860749,0
14643428,1650748316,0x27c9f71cc31464b906e0006d4fcbc8900f48f15f00020000000000000000010f,0x9A4B0dA9E8e5c7135cd7188Bd2e84DAc513C594b,0x43D4A3cd90ddD2F8f4f693170C9c8098163502ad,0xA0b86991c6218b36c1d19D4a2e9Eb0cE3606eB48,113047790000000000000000,9504110000,842380428500317227856,0
14671667,1651132705,0x27c9f71cc31464b906e0006d4fcbc8900f48f15f00020000000000000000010f,0x64ca35bef43E3358D91001e3FB98AD04fbAef864,0x43D4A3cd90ddD2F8f4f693170C9c8098163502ad,0xA0b86991c6218b36c1d19D4a2e9Eb0cE3606eB48,105458166783409305859117,10318477584,4642004351129969981409,0
14671718,1651133502,0x27c9f71cc31464b906e0006d4fcbc8900f48f15f00020000000000000000010f,0x64ca35bef43E3358D91001e3FB98AD04fbAef864,0x43D4A3cd90ddD2F8f4f693170C9c8098163502ad,0xA0b86991c6218b36c1d19D4a2e9Eb0cE3606eB48,73195974975338469806334,7508729767,483760757377890587707,0
14671921,1651135860,0x27c9f71cc31464b906e0006d4fcbc8900f48f15f00020000000000000000010f,0x9A4B0dA9E8e5c7135cd7188Bd2e84DAc513C594b,0x43D4A3cd90ddD2F8f4f693170C9c8098163502ad,0xA0b86991c6218b36c1d19D4a2e9Eb0cE3606eB48,-108874310995492541621761,-11091015861,38013513050410529708,0
14672525,1651144315,0x27c9f71cc31464b906e0006d4fcbc8900f48f15f00020000000000000000010f,0x8ffB1e3418469213a1955b2C869C2c6a950C7d15,0x43D4A3cd90ddD2F8f4f693170C9c8098163502ad,0xA0b86991c6218b36c1d19D4a2e9Eb0cE3606eB48,7812187510771695249630,726092611,580772060083582330554,0
14677050,1651205944,0x27c9f71cc31464b906e0006d4fcbc8900f48f15f00020000000000000000010f,0x98bED949D4e5607A753185cfb7153B53e0c3c80a,0x43D4A3cd90ddD2F8f4f693170C9c8098163502ad,0xA0b86991c6218b36c1d19D4a2e9Eb0cE3606eB48,0,2345000000,50847774393999416557,0
14682775,1651283578,0x27c9f71cc31464b906e0006d4fcbc8900f48f15f00020000000000000000010f,0xaDDfdc72494E29A131B1d4d6668184840f1Fc30C,0x43D4A3cd90ddD2F8f4f693170C9c8098163502ad,0xA0b86991c6218b36c1d19D4a2e9Eb0cE3606eB48,-26922725909103472601121,-2524221226,359413196604788904880,0
14683263,1651290224,0x27c9f71cc31464b906e0006d4fcbc8900f48f15f00020000000000000000010f,0xc4D59742bd702E92e746d44B3aA2B7c99A780325,0x43D4A3cd90ddD2F8f4f693170C9c8098163502ad,0xA0b86991c6218b36c1d19D4a2e9Eb0cE3606eB48,2305196432671936409598,210767709,134406808618247184345,0
14684249,1651303632,0x27c9f71cc31464b906e0006d4fcbc8900f48f15f00020000000000000000010f,0x64ca35bef43E3358D91001e3FB98AD04fbAef864,0x43D4A3cd90ddD2F8f4f693170C9c8098163502ad,0xA0b86991c6218b36c1d19D4a2e9Eb0cE3606eB48,50000000000000000000000,4859321006,453630864320701000892,0
14698492,1651497739,0x27c9f71cc31464b906e0006d4fcbc8900f48f15f00020000000000000000010f,0x812E758C83e4a197355A72e12065e6A24f0367E3,0x43D4A3cd90ddD2F8f4f693170C9c8098163502ad,0xA0b86991c6218b36c1d19D4a2e9Eb0cE3606eB48,2500000000000000000000,238641028,701981525863370745932,0
14709589,1651649031,0x27c9f71cc31464b906e0006d4fcbc8900f48f15f00020000000000000000010f,0x5e92e51672787504A5f0B085CB6D069faE640520,0x43D4A3cd90ddD2F8f4f693170C9c8098163502ad,0xA0b86991c6218b36c1d19D4a2e9Eb0cE3606eB48,30000000000000000000000,0,11654844973835542328,0
14717478,1651757009,0x27c9f71cc31464b906e0006d4fcbc8900f48f15f00020000000000000000010f,0x92140f15CeD778B5BC9EF2c6FCaE8DEf8e294aA0,0x43D4A3cd90ddD2F8f4f693170C9c8098163502ad,0xA0b86991c6218b36c1d19D4a2e9Eb0cE3606eB48,11573158203040826747952,0,255455017417833209783,0
14722804,1651829922,0x27c9f71cc31464b906e0006d4fcbc8900f48f15f00020000000000000000010f,0x93ac049CBF03DeD1040ED30fBDA089d42EE0CDdD,0x43D4A3cd90ddD2F8f4f693170C9c8098163502ad,0xA0b86991c6218b36c1d19D4a2e9Eb0cE3606eB48,5800000000000000000000,538112884,363502919994637002272,0
14722838,1651830320,0x27c9f71cc31464b906e0006d4fcbc8900f48f15f00020000000000000000010f,0x290B06796D7b395cb9fB2C695B42c78EBD8e0636,0x43D4A3cd90ddD2F8f4f693170C9c8098163502ad,0xA0b86991c6218b36c1d19D4a2e9Eb0cE3606eB48,-3574931094599812096753,-331697581,0,0
14722921,1651831714,0x27c9f71cc31464b906e0006d4fcbc8900f48f15f00020000000000000000010f,0x64C5029EaA2c985180e604A6Cc6eAe607D12899F,0x43D4A3cd90ddD2F8f4f693170C9c8098163502ad,0xA0b86991c6218b36c1d19D4a2e9Eb0cE3606eB48,43436787494260429011173,4000000000,716678701828,0
14723534,1651840115,0x27c9f71cc31464b906e0006d4fcbc8900f48f15f00020000000000000000010f,0x64C5029EaA2c985180e604A6Cc6eAe607D12899F,0x43D4A3cd90ddD2F8f4f693170C9c8098163502ad,0xA0b86991c6218b36c1d19D4a2e9Eb0cE3606eB48,43100000000000000000000,3991545927,9911877865362850037,0
14724710,1651856051,0x27c9f71cc31464b906e0006d4fcbc8900f48f15f00020000000000000000010f,0x64ca35bef43E3358D91001e3FB98AD04fbAef864,0x43D4A3cd90ddD2F8f4f693170C9c8098163502ad,0xA0b86991c6218b36c1d19D4a2e9Eb0cE3606eB48,354013763751768020679765,33104866276,52935621256210761764,0
14725684,1651869650,0x27c9f71cc31464b906e0006d4fcbc8900f48f15f00020000000000000000010f,0x98bED949D4e5607A753185cfb7153B53e0c3c80a,0x43D4A3cd90ddD2F8f4f693170C9c8098163502ad,0xA0b86991c6218b36c1d19D4a2e9Eb0cE3606eB48,-4953751855491561367950,-463140469,1315743843057509126,0
14740947,1652078756,0x27c9f71cc31464b906e0006d4fcbc8900f48f15f00020000000000000000010f,0x311Cb5b8C61aC1d160E3D21a0390d9C1Fa64688E,0x43D4A3cd90ddD2F8f4f693170C9c8098163502ad,0xA0b86991c6218b36c1d19D4a2e9Eb0cE3606eB48,49371840354455938852725,5476608592,295324201665766517551,0
14747207,1652166622,0x27c9f71cc31464b906e0006d4fcbc8900f48f15f00020000000000000000010f,0x2073b0eC6953db5C279bb8951713EecE0975E61c,0x43D4A3cd90ddD2F8f4f693170C9c8098163502ad,0xA0b86991c6218b36c1d19D4a2e9Eb0cE3606eB48,-11916924150786266160146,-1022081641,395573989559757877907,0
14747263,1652167350,0x27c9f71cc31464b906e0006d4fcbc8900f48f15f00020000000000000000010f,0x0F3347b37F40870c68a7348B5660DFe37D357dba,0x43D4A3cd90ddD2F8f4f693170C9c8098163502ad,0xA0b86991c6218b36c1d19D4a2e9Eb0cE3606eB48,-6804323670062024646294,-583588031,667119108064,0
14771942,1652507893,0x27c9f71cc31464b906e0006d4fcbc8900f48f15f00020000000000000000010f,0x23b6d8e09CB33B1550DE19aC25cC3F41ae4603Bb,0x43D4A3cd90ddD2F8f4f693170C9c8098163502ad,0xA0b86991c6218b36c1d19D4a2e9Eb0cE3606eB48,2180000506072906330767,182297003,1508497259032604487842,0
14777094,1652578105,0x27c9f71cc31464b906e0006d4fcbc8900f48f15f00020000000000000000010f,0xa4068076EC64139a94b3f0F0ad5A0a0255aBC06b,0x43D4A3cd90ddD2F8f4f693170C9c8098163502ad,0xA0b86991c6218b36c1d19D4a2e9Eb0cE3606eB48,3500000000000000000000,296887539,274327592606021786909,0
14785678,1652696465,0x27c9f71cc31464b906e0006d4fcbc8900f48f15f00020000000000000000010f,0x04e8e5aA372D8e2233D2EF26079e23E3309003D5,0x43D4A3cd90ddD2F8f4f693170C9c8098163502ad,0xA0b86991c6218b36c1d19D4a2e9Eb0cE3606eB48,1967674163781536317698,0,929328987821870943146,0
14791490,1652776291,0x27c9f71cc31464b906e0006d4fcbc8900f48f15f00020000000000000000010f,0xC4d9d1a93068d311Ab18E988244123430eB4F1CD,0x43D4A3cd90ddD2F8f4f693170C9c8098163502ad,0xA0b86991c6218b36c1d19D4a2e9Eb0cE3606eB48,-58883219377699825802854,0,110808113784061637442,0
14797575,1652859660,0x27c9f71cc31464b906e0006d4fcbc8900f48f15f00020000000000000000010f,0x290B06796D7b395cb9fB2C695B42c78EBD8e0636,0x43D4A3cd90ddD2F8f4f693170C9c8098163502ad,0xA0b86991c6218b36c1d19D4a2e9Eb0cE3606eB48,5569819379447379086029,500000000,156349539363012855390,0
14799103,1652880385,0x27c9f71cc31464b906e0006d4fcbc8900f48f15f00020000000000000000010f,0x04e8e5aA372D8e2233D2EF26079e23E3309003D5,0x43D4A3cd90ddD2F8f4f693170C9c8098163502ad,0xA0b86991c6218b36c1d19D4a2e9Eb0cE3606eB48,0,3116431714,66597352239067577369,0
14809792,1653031870,0x27c9f71cc31464b906e0006d4fcbc8900f48f15f00020000000000000000010f,0x64ca35bef43E3358D91001e3FB98AD04fbAef864,0x43D4A3cd90ddD2F8f4f693170C9c8098163502ad,0xA0b86991c6218b36c1d19D4a2e9Eb0cE3606eB48,-593163657324804379048362,-52115489149,178100275019701745783,0
14811868,1653060325,0x27c9f71cc31464b906e0006d4fcbc8900f48f15f00020000000000000000010f,0x64ca35bef43E3358D91001e3FB98AD04fbAef864,0x43D4A3cd90ddD2F8f4f693170C9c8098163502ad,0xA0b86991c6218b36c1d19D4a2e9Eb0cE3606eB48,483163657324804379048362,39129589800,562336414700217579305,0
14829010,1653301290,0x27c9f71cc31464b906e0006d4fcbc8900f48f15f00020000000000000000010f,0x64ca35bef43E3358D91001e3FB98AD04fbAef864,0x43D4A3cd90ddD2F8f4f693170C9c8098163502ad,0xA0b86991c6218b36c1d19D4a2e9Eb0cE3606eB48,-133537159009947602276970,-10741428106,146302650182156208805,0
14839420,1653447692,0x27c9f71cc31464b906e0006d4fcbc8900f48f15f00020000000000000000010f,0x5ca12f79e4d33b0Bd153B40df59f6DB9eE03482e,0x43D4A3cd90ddD2F8f4f693170C9c8098163502ad,0xA0b86991c6218b36c1d19D4a2e9Eb0cE3606eB48,-16094146677698463717791,-1256134862,228882579419928005214,0
14852622,1653633148,0x27c9f71cc31464b906e0006d4fcbc8900f48f15f00020000000000000000010f,0xf018B923bEbdef7a8124371B322D7E29a08c3198,0x43D4A3cd90ddD2F8f4f693170C9c8098163502ad,0xA0b86991c6218b36c1d19D4a2e9Eb0cE3606eB48,-82909620325482883089410,-6092204788,386923703369666391070,0
14854055,1653653036,0x27c9f71cc31464b906e0006d4fcbc8900f48f15f00020000000000000000010f,0x22bb05438ae1E34A87e08cE9794C7BCb3E363BF0,0x43D4A3cd90ddD2F8f4f693170C9c8098163502ad,0xA0b86991c6218b36c1d19D4a2e9Eb0cE3606eB48,0,-4650239126,315675173168948456445,0
14872496,1653913283,0x27c9f71cc31464b906e0006d4fcbc8900f48f15f00020000000000000000010f,0x567d220B0169836cBF351DF70A9c517096ec9De7,0x43D4A3cd90ddD2F8f4f693170C9c8098163502ad,0xA0b86991c6218b36c1d19D4a2e9Eb0cE3606eB48,-3406714689412540973624034,-243614799858,249759688035170538871,0
14877900,1653988632,0x27c9f71cc31464b906e0006d4fcbc8900f48f15f00020000000000000000010f,0x311Cb5b8C61aC1d160E3D21a0390d9C1Fa64688E,0x43D4A3cd90ddD2F8f4f693170C9c8098163502ad,0xA0b86991c6218b36c1d19D4a2e9Eb0cE3606eB48,-441792029307313649187910,-31559979749,169654552608718186514,0
14878518,1653997953,0x27c9f71cc31464b906e0006d4fcbc8900f48f15f00020000000000000000010f,0x64C5029EaA2c985180e604A6Cc6eAe607D12899F,0x43D4A3cd90ddD2F8f4f693170C9c8098163502ad,0xA0b86991c6218b36c1d19D4a2e9Eb0cE3606eB48,12949239890460248596213,934460976,19515561204945371656,0
14885272,1654093123,0x27c9f71cc31464b906e0006d4fcbc8900f48f15f00020000000000000000010f,0xEFC34498fa7825aEE43B495e44646e3710b19ad5,0x43D4A3cd90ddD2F8f4f693170C9c8098163502ad,0xA0b86991c6218b36c1d19D4a2e9Eb0cE3606eB48,14804741567094917182073,1220470885,631465679372108831298,0
14928671,1654720001,0x27c9f71cc31464b906e0006d4fcbc8900f48f15f00020000000000000000010f,0x4Ebe3623AF5CE5ee07B6D23b5D0F5DaE0954F934,0x43D4A3cd90ddD2F8f4f693170C9c8098163502ad,0xA0b86991c6218b36c1d19D4a2e9Eb0cE3606eB48,0,7271400980,1494002757873234646690,0
14949365,1655025414,0x27c9f71cc31464b906e0006d4fcbc8900f48f15f00020000000000000000010f,0x290B06796D7b395cb9fB2C695B42c78EBD8e0636,0x43D4A3cd90ddD2F8f4f693170C9c8098163502ad,0xA0b86991c6218b36c1d19D4a2e9Eb0cE3606eB48,-5731424339391589991890,-449392578,422165893658310770314,0
14955524,1655116255,0x27c9f71cc31464b906e0006d4fcbc8900f48f15f00020000000000000000010f,0x4Ebe3623AF5CE5ee07B6D23b5D0F5DaE0954F934,0x43D4A3cd90ddD2F8f4f693170C9c8098163502ad,0xA0b86991c6218b36c1d19D4a2e9Eb0cE3606eB48,0,-5652690095,225226160651902018096,0
14984383,1655546604,0x27c9f71cc31464b906e0006d4fcbc8900f48f15f00020000000000000000010f,0xEFC34498fa7825aEE43B495e44646e3710b19ad5,0x43D4A3cd90ddD2F8f4f693170C9c8098163502ad,0xA0b86991c6218b36c1d19D4a2e9Eb0cE3606eB48,-19416651096396364072160,-1329519148,1585020442412067317039,0
14996619,1655728927,0x27c9f71cc31464b906e0006d4fcbc8900f48f15f00020000000000000000010f,0xa4068076EC64139a94b3f0F0ad5A0a0255aBC06b,0x43D4A3cd90ddD2F8f4f693170C9c8098163502ad,0xA0b86991c6218b36c1d19D4a2e9Eb0cE3606eB48,-3651033743844459210200,-254065351,311573988084979074085,0
15009354,1655928774,0x27c9f71cc31464b906e0006d4fcbc8900f48f15f00020000000000000000010f,0x93ac049CBF03DeD1040ED30fBDA089d42EE0CDdD,0x43D4A3cd90ddD2F8f4f693170C9c8098163502ad,0xA0b86991c6218b36c1d19D4a2e9Eb0cE3606eB48,6115000000000000000000,456287008,176042643902274170747,0
15011936,1655971001,0x27c9f71cc31464b906e0006d4fcbc8900f48f15f00020000000000000000010f,0x3EeC17d76Da0B7F94d2f61Ee52599970362c30D9,0x43D4A3cd90ddD2F8f4f693170C9c8098163502ad,0xA0b86991c6218b36c1d19D4a2e9Eb0cE3606eB48,0,4000000,38220521274462885438,0
15016957,1656052388,0x27c9f71cc31464b906e0006d4fcbc8900f48f15f00020000000000000000010f,0x5e92e51672787504A5f0B085CB6D069faE640520,0x43D4A3cd90ddD2F8f4f693170C9c8098163502ad,0xA0b86991c6218b36c1d19D4a2e9Eb0cE3606eB48,37780691448759361479775,0,133794320548217918881,0
15057350,1656688713,0x27c9f71cc31464b906e0006d4fcbc8900f48f15f00020000000000000000010f,0x18450A8cc1b44bdE92a82D5d455c38A344dAe427,0x43D4A3cd90ddD2F8f4f693170C9c8098163502ad,0xA0b86991c6218b36c1d19D4a2e9Eb0cE3606eB48,4371232494705143600000,500000000,885040207725784001522,0
15062400,1656755579,0x27c9f71cc31464b906e0006d4fcbc8900f48f15f00020000000000000000010f,0x5e92e51672787504A5f0B085CB6D069faE640520,0x43D4A3cd90ddD2F8f4f693170C9c8098163502ad,0xA0b86991c6218b36c1d19D4a2e9Eb0cE3606eB48,-131899321462784767827642,-9955863589,32690460037337102395,0
15081498,1657010980,0x27c9f71cc31464b906e0006d4fcbc8900f48f15f00020000000000000000010f,0x5e92e51672787504A5f0B085CB6D069faE640520,0x43D4A3cd90ddD2F8f4f693170C9c8098163502ad,0xA0b86991c6218b36c1d19D4a2e9Eb0cE3606eB48,120000000000000000000000,2672000000,146236591981852179449,0
15081684,1657013459,0x27c9f71cc31464b906e0006d4fcbc8900f48f15f00020000000000000000010f,0x5e92e51672787504A5f0B085CB6D069faE640520,0x43D4A3cd90ddD2F8f4f693170C9c8098163502ad,0xA0b86991c6218b36c1d19D4a2e9Eb0cE3606eB48,-103183603572509262533872,-7789650682,10153432095446314853,0
15124772,1657587958,0x27c9f71cc31464b906e0006d4fcbc8900f48f15f00020000000000000000010f,0x23b6d8e09CB33B1550DE19aC25cC3F41ae4603Bb,0x43D4A3cd90ddD2F8f4f693170C9c8098163502ad,0xA0b86991c6218b36c1d19D4a2e9Eb0cE3606eB48,5410000000000000000000,334000657,1148686998358910261470,0
15133035,1657698343,0x27c9f71cc31464b906e0006d4fcbc8900f48f15f00020000000000000000010f,0xaD5d1F9e5B07ea8ABD262Ed16aAF21cfa9C8EB18,0x43D4A3cd90ddD2F8f4f693170C9c8098163502ad,0xA0b86991c6218b36c1d19D4a2e9Eb0cE3606eB48,2304929660421685855419,128803739,381599332980156329945,0
15153426,1657970427,0x27c9f71cc31464b906e0006d4fcbc8900f48f15f00020000000000000000010f,0xc04aFCeEA0BE5A8CeCe930c4e6208eb03BeCd066,0x43D4A3cd90ddD2F8f4f693170C9c8098163502ad,0xA0b86991c6218b36c1d19D4a2e9Eb0cE3606eB48,500000000000000000000,0,401304464592884233098,0
15160816,1658069858,0x27c9f71cc31464b906e0006d4fcbc8900f48f15f00020000000000000000010f,0xB9D53Cc752D3d1888FE8e340a65027C1a2d86f94,0x43D4A3cd90ddD2F8f4f693170C9c8098163502ad,0xA0b86991c6218b36c1d19D4a2e9Eb0cE3606eB48,-121366799521103915759970,-7673532764,130589324282231727973,0
15237096,1659094147,0x27c9f71cc31464b906e0006d4fcbc8900f48f15f00020000000000000000010f,0xc04aFCeEA0BE5A8CeCe930c4e6208eb03BeCd066,0x43D4A3cd90ddD2F8f4f693170C9c8098163502ad,0xA0b86991c6218b36c1d19D4a2e9Eb0cE3606eB48,0,-109242193,1941829699220970486543,0
15243126,1659175339,0x27c9f71cc31464b906e0006d4fcbc8900f48f15f00020000000000000000010f,0x32241c3ACf2a121Ab8C9138562E15d4FE9e95067,0x43D4A3cd90ddD2F8f4f693170C9c8098163502ad,0xA0b86991c6218b36c1d19D4a2e9Eb0cE3606eB48,17342801083471361212230,920107845,15000001710551180578,0
15261992,1659428879,0x27c9f71cc31464b906e0006d4fcbc8900f48f15f00020000000000000000010f,0x437d69771E4A8e81E5704F4967Dc18a323b3FB0e,0x43D4A3cd90ddD2F8f4f693170C9c8098163502ad,0xA0b86991c6218b36c1d19D4a2e9Eb0cE3606eB48,8712294440408748442056,457766451,114731636031420220622,0
15281489,1659691687,0x27c9f71cc31464b906e0006d4fcbc8900f48f15f00020000000000000000010f,0x64C5029EaA2c985180e604A6Cc6eAe607D12899F,0x43D4A3cd90ddD2F8f4f693170C9c8098163502ad,0xA0b86991c6218b36c1d19D4a2e9Eb0cE3606eB48,-116772743339831716353730,-4823581069,651955797940307122111,0
15289124,1659794017,0x27c9f71cc31464b906e0006d4fcbc8900f48f15f00020000000000000000010f,0x465D3cdB4cB6F5209f9334f0984D6C757fcEA08f,0x43D4A3cd90ddD2F8f4f693170C9c8098163502ad,0xA0b86991c6218b36c1d19D4a2e9Eb0cE3606eB48,4446186394951384001977,184259391,6032569103311544758,0
15319834,1660208918,0x27c9f71cc31464b906e0006d4fcbc8900f48f15f00020000000000000000010f,0xB99129701697D1E85c5B77EB57b3603B0bF8b1D5,0x43D4A3cd90ddD2F8f4f693170C9c8098163502ad,0xA0b86991c6218b36c1d19D4a2e9Eb0cE3606eB48,-18736782994049868145712,-782399841,268286603227780202659,0
15320746,1660221305,0x27c9f71cc31464b906e0006d4fcbc8900f48f15f00020000000000000000010f,0x5e92e51672787504A5f0B085CB6D069faE640520,0x43D4A3cd90ddD2F8f4f693170C9c8098163502ad,0xA0b86991c6218b36c1d19D4a2e9Eb0cE3606eB48,100000000000000000000000,2000000000,142406388988876881575,0
15327357,1660312408,0x27c9f71cc31464b906e0006d4fcbc8900f48f15f00020000000000000000010f,0x311Cb5b8C61aC1d160E3D21a0390d9C1Fa64688E,0x43D4A3cd90ddD2F8f4f693170C9c8098163502ad,0xA0b86991c6218b36c1d19D4a2e9Eb0cE3606eB48,329664473579451738537628,8197696544,191689767355772722245,0
15327390,1660312930,0x27c9f71cc31464b906e0006d4fcbc8900f48f15f00020000000000000000010f,0x5C89C420A9E82Ea9AEDBaAab03302e39982919b9,0x43D4A3cd90ddD2F8f4f693170C9c8098163502ad,0xA0b86991c6218b36c1d19D4a2e9Eb0cE3606eB48,130842394808246517547372,1865706988,32333611517879410717,0
15330925,1660360146,0x27c9f71cc31464b906e0006d4fcbc8900f48f15f00020000000000000000010f,0x5e92e51672787504A5f0B085CB6D069faE640520,0x43D4A3cd90ddD2F8f4f693170C9c8098163502ad,0xA0b86991c6218b36c1d19D4a2e9Eb0cE3606eB48,87834840333522569746008,1564000000,63666495867179069014,0
15335457,1660421676,0x27c9f71cc31464b906e0006d4fcbc8900f48f15f00020000000000000000010f,0x8272F0E0CC27d19483433b329A9b6eAfC2EF2360,0x43D4A3cd90ddD2F8f4f693170C9c8098163502ad,0xA0b86991c6218b36c1d19D4a2e9Eb0cE3606eB48,-11543112377915369286322,-464520818,101166666517577970532,0
15353958,1660674963,0x27c9f71cc31464b906e0006d4fcbc8900f48f15f00020000000000000000010f,0x60a17dfE47C933168e3e0316E5606d3E67940C99,0x43D4A3cd90ddD2F8f4f693170C9c8098163502ad,0xA0b86991c6218b36c1d19D4a2e9Eb0cE3606eB48,-39338263723921348466587,-1559537547,179748358873517668580,0
15357201,1660718861,0x27c9f71cc31464b906e0006d4fcbc8900f48f15f00020000000000000000010f,0x23b6d8e09CB33B1550DE19aC25cC3F41ae4603Bb,0x43D4A3cd90ddD2F8f4f693170C9c8098163502ad,0xA0b86991c6218b36c1d19D4a2e9Eb0cE3606eB48,-11143773857313490866281,-431860764,55005164555568853720,0
15366040,1660839933,0x27c9f71cc31464b906e0006d4fcbc8900f48f15f00020000000000000000010f,0xF5307a74d1550739ef81c6488DC5C7a6a53e5Ac2,0x43D4A3cd90ddD2F8f4f693170C9c8098163502ad,0xA0b86991c6218b36c1d19D4a2e9Eb0cE3606eB48,114829728437738099150951,1390809327,248787124578129537647,0
15377924,1661002770,0x27c9f71cc31464b906e0006d4fcbc8900f48f15f00020000000000000000010f,0x64ca35bef43E3358D91001e3FB98AD04fbAef864,0x43D4A3cd90ddD2F8f4f693170C9c8098163502ad,0xA0b86991c6218b36c1d19D4a2e9Eb0cE3606eB48,171938348097863212228557,6032786353,165566750659956166403,0
15403399,1661350634,0x27c9f71cc31464b906e0006d4fcbc8900f48f15f00020000000000000000010f,0x0cb3e38741Ed54FDe0B7b7e1C93DCd28a4A6F15C,0x43D4A3cd90ddD2F8f4f693170C9c8098163502ad,0xA0b86991c6218b36c1d19D4a2e9Eb0cE3606eB48,-13330813336101234202292,-477676229,166485713843820309911,0
15409943,1661442171,0x27c9f71cc31464b906e0006d4fcbc8900f48f15f00020000000000000000010f,0x64ca35bef43E3358D91001e3FB98AD04fbAef864,0x43D4A3cd90ddD2F8f4f693170C9c8098163502ad,0xA0b86991c6218b36c1d19D4a2e9Eb0cE3606eB48,-594554970535080876031869,-19733576737,385153268094006182451,0
15410116,1661444533,0x27c9f71cc31464b906e0006d4fcbc8900f48f15f00020000000000000000010f,0x5e92e51672787504A5f0B085CB6D069faE640520,0x43D4A3cd90ddD2F8f4f693170C9c8098163502ad,0xA0b86991c6218b36c1d19D4a2e9Eb0cE3606eB48,-201231418613033712727582,-3306436505,3235143249837565910126,0
15428866,1661704161,0x27c9f71cc31464b906e0006d4fcbc8900f48f15f00020000000000000000010f,0x13772b10C274A289F8169d793e3F60DF9656d437,0x43D4A3cd90ddD2F8f4f693170C9c8098163502ad,0xA0b86991c6218b36c1d19D4a2e9Eb0cE3606eB48,-66980894058710885071593,-1214272878,1364648878491394903004,0
15464981,1662202628,0x27c9f71cc31464b906e0006d4fcbc8900f48f15f00020000000000000000010f,0xCc6d20D299275eF6b9969C030BA7308e9162F427,0x43D4A3cd90ddD2F8f4f693170C9c8098163502ad,0xA0b86991c6218b36c1d19D4a2e9Eb0cE3606eB48,44534981726016022725874,698573589,1531714131713907977924,0
15476503,1662362380,0x27c9f71cc31464b906e0006d4fcbc8900f48f15f00020000000000000000010f,0xCc6d20D299275eF6b9969C030BA7308e9162F427,0x43D4A3cd90ddD2F8f4f693170C9c8098163502ad,0xA0b86991c6218b36c1d19D4a2e9Eb0cE3606eB48,225620853543083296593314,1173175760,95359709300738977059,0
15476688,1662364915,0x27c9f71cc31464b906e0006d4fcbc8900f48f15f00020000000000000000010f,0x5263749CED53f0cB9cE8C9ec3a62E0683daB2772,0x43D4A3cd90ddD2F8f4f693170C9c8098163502ad,0xA0b86991c6218b36c1d19D4a2e9Eb0cE3606eB48,126230110385275480773313,2500000000,163447251411690682016,0
15509466,1662822768,0x27c9f71cc31464b906e0006d4fcbc8900f48f15f00020000000000000000010f,0x682DBC3Daebd0181796359260afC3c3b9c1490fe,0x43D4A3cd90ddD2F8f4f693170C9c8098163502ad,0xA0b86991c6218b36c1d19D4a2e9Eb0cE3606eB48,72773170372796420781141,1125185218,369526227618029141614,0
15509554,1662824026,0x27c9f71cc31464b906e0006d4fcbc8900f48f15f00020000000000000000010f,0x5C89C420A9E82Ea9AEDBaAab03302e39982919b9,0x43D4A3cd90ddD2F8f4f693170C9c8098163502ad,0xA0b86991c6218b36c1d19D4a2e9Eb0cE3606eB48,3840287990697056502262,630000000,0,0
15509664,1662825880,0x27c9f71cc31464b906e0006d4fcbc8900f48f15f00020000000000000000010f,0x311Cb5b8C61aC1d160E3D21a0390d9C1Fa64688E,0x43D4A3cd90ddD2F8f4f693170C9c8098163502ad,0xA0b86991c6218b36c1d19D4a2e9Eb0cE3606eB48,235000000000000000000000,2518038308,0,0
15515647,1662911060,0x27c9f71cc31464b906e0006d4fcbc8900f48f15f00020000000000000000010f,0x5e92e51672787504A5f0B085CB6D069faE640520,0x43D4A3cd90ddD2F8f4f693170C9c8098163502ad,0xA0b86991c6218b36c1d19D4a2e9Eb0cE3606eB48,140000000000000000000000,1300000000,91511735020104598157,0
15516928,1662929748,0x27c9f71cc31464b906e0006d4fcbc8900f48f15f00020000000000000000010f,0x5e92e51672787504A5f0B085CB6D069faE640520,0x43D4A3cd90ddD2F8f4f693170C9c8098163502ad,0xA0b86991c6218b36c1d19D4a2e9Eb0cE3606eB48,74807694769665973111288,516000000,0,0
15526094,1663060685,0x27c9f71cc31464b906e0006d4fcbc8900f48f15f00020000000000000000010f,0x812E758C83e4a197355A72e12065e6A24f0367E3,0x43D4A3cd90ddD2F8f4f693170C9c8098163502ad,0xA0b86991c6218b36c1d19D4a2e9Eb0cE3606eB48,-25898664810926731158229,-386878711,55566289544427899615,0
15552260,1663405067,0x27c9f71cc31464b906e0006d4fcbc8900f48f15f00020000000000000000010f,0x311Cb5b8C61aC1d160E3D21a0390d9C1Fa64688E,0x43D4A3cd90ddD2F8f4f693170C9c8098163502ad,0xA0b86991c6218b36c1d19D4a2e9Eb0cE3606eB48,38126438221898947014927,411000633,444702099818371700068,0
15569049,1663608599,0x27c9f71cc31464b906e0006d4fcbc8900f48f15f00020000000000000000010f,0x311Cb5b8C61aC1d160E3D21a0390d9C1Fa64688E,0x43D4A3cd90ddD2F8f4f693170C9c8098163502ad,0xA0b86991c6218b36c1d19D4a2e9Eb0cE3606eB48,-36702811156085096168128,-489517809,124842109937906181419,0
15587264,1663830167,0x27c9f71cc31464b906e0006d4fcbc8900f48f15f00020000000000000000010f,0x5e92e51672787504A5f0B085CB6D069faE640520,0x43D4A3cd90ddD2F8f4f693170C9c8098163502ad,0xA0b86991c6218b36c1d19D4a2e9Eb0cE3606eB48,-201791270469634354687036,-2643386356,57507650378956643203,0
15588051,1663839671,0x27c9f71cc31464b906e0006d4fcbc8900f48f15f00020000000000000000010f,0xB188b1CB84Fb0bA13cb9ee1292769F903A9feC59,0x43D4A3cd90ddD2F8f4f693170C9c8098163502ad,0xA0b86991c6218b36c1d19D4a2e9Eb0cE3606eB48,0,879554453,35433626309336783311,0
15596601,1663942787,0x27c9f71cc31464b906e0006d4fcbc8900f48f15f00020000000000000000010f,0xB188b1CB84Fb0bA13cb9ee1292769F903A9feC59,0x43D4A3cd90ddD2F8f4f693170C9c8098163502ad,0xA0b86991c6218b36c1d19D4a2e9Eb0cE3606eB48,0,500000000,47562782062327818812,0
15597964,1663959251,0x27c9f71cc31464b906e0006d4fcbc8900f48f15f00020000000000000000010f,0x238643d4106c7c6206f8Dc31acb59Cd24C979D12,0x43D4A3cd90ddD2F8f4f693170C9c8098163502ad,0xA0b86991c6218b36c1d19D4a2e9Eb0cE3606eB48,0,-859986789,15014741523261095379,0
15604374,1664036411,0x27c9f71cc31464b906e0006d4fcbc8900f48f15f00020000000000000000010f,0x5C89C420A9E82Ea9AEDBaAab03302e39982919b9,0x43D4A3cd90ddD2F8f4f693170C9c8098163502ad,0xA0b86991c6218b36c1d19D4a2e9Eb0cE3606eB48,31117341160728072170265,511030980,138270905255514570114,0
15605070,1664044823,0x27c9f71cc31464b906e0006d4fcbc8900f48f15f00020000000000000000010f,0x48Fb55eD1Fb62ED26274fb805f6444bEa97c1F28,0x43D4A3cd90ddD2F8f4f693170C9c8098163502ad,0xA0b86991c6218b36c1d19D4a2e9Eb0cE3606eB48,14076649843647520598724,192590744,173263170134138768800,0
15605576,1664050967,0x27c9f71cc31464b906e0006d4fcbc8900f48f15f00020000000000000000010f,0x6aef48eA854Bc0e805232ceCbab2fab592037c19,0x43D4A3cd90ddD2F8f4f693170C9c8098163502ad,0xA0b86991c6218b36c1d19D4a2e9Eb0cE3606eB48,14211557651727594003465,200079105,0,0
15605880,1664054627,0x27c9f71cc31464b906e0006d4fcbc8900f48f15f00020000000000000000010f,0xB188b1CB84Fb0bA13cb9ee1292769F903A9feC59,0x43D4A3cd90ddD2F8f4f693170C9c8098163502ad,0xA0b86991c6218b36c1d19D4a2e9Eb0cE3606eB48,0,158731950,39962352900738832470,0
15610606,1664111543,0x27c9f71cc31464b906e0006d4fcbc8900f48f15f00020000000000000000010f,0x311Cb5b8C61aC1d160E3D21a0390d9C1Fa64688E,0x43D4A3cd90ddD2F8f4f693170C9c8098163502ad,0xA0b86991c6218b36c1d19D4a2e9Eb0cE3606eB48,23006084315555459368705,500000000,18216996101503260605,0
15620038,1664225507,0x27c9f71cc31464b906e0006d4fcbc8900f48f15f00020000000000000000010f,0x5e92e51672787504A5f0B085CB6D069faE640520,0x43D4A3cd90ddD2F8f4f693170C9c8098163502ad,0xA0b86991c6218b36c1d19D4a2e9Eb0cE3606eB48,208631012938287944309393,1862000000,1378626892782531072,0
15637691,1664438675,0x27c9f71cc31464b906e0006d4fcbc8900f48f15f00020000000000000000010f,0xCc6d20D299275eF6b9969C030BA7308e9162F427,0x43D4A3cd90ddD2F8f4f693170C9c8098163502ad,0xA0b86991c6218b36c1d19D4a2e9Eb0cE3606eB48,7757837226035156755243,86698129,162696459629878047093,0
15641127,1664480207,0x27c9f71cc31464b906e0006d4fcbc8900f48f15f00020000000000000000010f,0x238643d4106c7c6206f8Dc31acb59Cd24C979D12,0x43D4A3cd90ddD2F8f4f693170C9c8098163502ad,0xA0b86991c6218b36c1d19D4a2e9Eb0cE3606eB48,0,-153291512,11808796060889737302,0
15648830,1664573183,0x27c9f71cc31464b906e0006d4fcbc8900f48f15f00020000000000000000010f,0x5e4568C4D8343052a06EC8AAB1e124AF08B73248,0x43D4A3cd90ddD2F8f4f693170C9c8098163502ad,0xA0b86991c6218b36c1d19D4a2e9Eb0cE3606eB48,2786262306203504448383,0,4413238998157202739,0
15659207,1664698607,0x27c9f71cc31464b906e0006d4fcbc8900f48f15f00020000000000000000010f,0x5C89C420A9E82Ea9AEDBaAab03302e39982919b9,0x43D4A3cd90ddD2F8f4f693170C9c8098163502ad,0xA0b86991c6218b36c1d19D4a2e9Eb0cE3606eB48,12998057310679694536643,87161100,57254795942566201886,0
15667145,1664794307,0x27c9f71cc31464b906e0006d4fcbc8900f48f15f00020000000000000000010f,0x3E4c8F25D1198CCb1CCA579C6AAB790D3a28704d,0x43D4A3cd90ddD2F8f4f693170C9c8098163502ad,0xA0b86991c6218b36c1d19D4a2e9Eb0cE3606eB48,100000000000000000000,0,40000007123099834796,0
15668977,1664816399,0x27c9f71cc31464b906e0006d4fcbc8900f48f15f00020000000000000000010f,0x5e92e51672787504A5f0B085CB6D069faE640520,0x43D4A3cd90ddD2F8f4f693170C9c8098163502ad,0xA0b86991c6218b36c1d19D4a2e9Eb0cE3606eB48,47500000000000000000000,350000000,0,0
15669374,1664821247,0x27c9f71cc31464b906e0006d4fcbc8900f48f15f00020000000000000000010f,0xAAb2670EC34A393F4F13C63469068a82A1210d64,0x43D4A3cd90ddD2F8f4f693170C9c8098163502ad,0xA0b86991c6218b36c1d19D4a2e9Eb0cE3606eB48,47836233029866738914394,675840070,232614385917097074102,0
15669519,1664822999,0x27c9f71cc31464b906e0006d4fcbc8900f48f15f00020000000000000000010f,0xAAb2670EC34A393F4F13C63469068a82A1210d64,0x43D4A3cd90ddD2F8f4f693170C9c8098163502ad,0xA0b86991c6218b36c1d19D4a2e9Eb0cE3606eB48,88864468348264042165169,1362956449,260366134802344093785,0
15673587,1664872151,0x27c9f71cc31464b906e0006d4fcbc8900f48f15f00020000000000000000010f,0x311Cb5b8C61aC1d160E3D21a0390d9C1Fa64688E,0x43D4A3cd90ddD2F8f4f693170C9c8098163502ad,0xA0b86991c6218b36c1d19D4a2e9Eb0cE3606eB48,31057297322938432710380,557451294,326605866533920041952,0
15687780,1665043787,0x27c9f71cc31464b906e0006d4fcbc8900f48f15f00020000000000000000010f,0x6937936DB9baa313f8d487792e84AAA93B0c5B20,0x43D4A3cd90ddD2F8f4f693170C9c8098163502ad,0xA0b86991c6218b36c1d19D4a2e9Eb0cE3606eB48,169813864982758401142817,2393821897,94375806599390965198,0
15688410,1665051419,0x27c9f71cc31464b906e0006d4fcbc8900f48f15f00020000000000000000010f,0xB1f881f47baB744E7283851bC090bAA626df931d,0x43D4A3cd90ddD2F8f4f693170C9c8098163502ad,0xA0b86991c6218b36c1d19D4a2e9Eb0cE3606eB48,0,-509857608,0,0
15694480,1665124655,0x27c9f71cc31464b906e0006d4fcbc8900f48f15f00020000000000000000010f,0x311Cb5b8C61aC1d160E3D21a0390d9C1Fa64688E,0x43D4A3cd90ddD2F8f4f693170C9c8098163502ad,0xA0b86991c6218b36c1d19D4a2e9Eb0cE3606eB48,11438582069826460902211,157416701,51284046211967813098,0
15705794,1665261287,0x27c9f71cc31464b906e0006d4fcbc8900f48f15f00020000000000000000010f,0xB188b1CB84Fb0bA13cb9ee1292769F903A9feC59,0x43D4A3cd90ddD2F8f4f693170C9c8098163502ad,0xA0b86991c6218b36c1d19D4a2e9Eb0cE3606eB48,0,4408078024,25710094385731827404,0
15709764,1665309143,0x27c9f71cc31464b906e0006d4fcbc8900f48f15f00020000000000000000010f,0x5C89C420A9E82Ea9AEDBaAab03302e39982919b9,0x43D4A3cd90ddD2F8f4f693170C9c8098163502ad,0xA0b86991c6218b36c1d19D4a2e9Eb0cE3606eB48,0,-2081677175,94545830091405742205,0
15711524,1665330407,0x27c9f71cc31464b906e0006d4fcbc8900f48f15f00020000000000000000010f,0x5263749CED53f0cB9cE8C9ec3a62E0683daB2772,0x43D4A3cd90ddD2F8f4f693170C9c8098163502ad,0xA0b86991c6218b36c1d19D4a2e9Eb0cE3606eB48,122340528838260284111850,500000000,5987865137742,0
15720444,1665438011,0x27c9f71cc31464b906e0006d4fcbc8900f48f15f00020000000000000000010f,0x04e8e5aA372D8e2233D2EF26079e23E3309003D5,0x43D4A3cd90ddD2F8f4f693170C9c8098163502ad,0xA0b86991c6218b36c1d19D4a2e9Eb0cE3606eB48,64585714706373392483203,891006749,0,0
15737563,1665644387,0x27c9f71cc31464b906e0006d4fcbc8900f48f15f00020000000000000000010f,0x311Cb5b8C61aC1d160E3D21a0390d9C1Fa64688E,0x43D4A3cd90ddD2F8f4f693170C9c8098163502ad,0xA0b86991c6218b36c1d19D4a2e9Eb0cE3606eB48,23287827448486905525788,321651498,27566588958245425873,0
15743716,1665718715,0x27c9f71cc31464b906e0006d4fcbc8900f48f15f00020000000000000000010f,0xAAb2670EC34A393F4F13C63469068a82A1210d64,0x43D4A3cd90ddD2F8f4f693170C9c8098163502ad,0xA0b86991c6218b36c1d19D4a2e9Eb0cE3606eB48,-138553370852010289977241,-1934794082,22385241314044761185,0
15748156,1665772319,0x27c9f71cc31464b906e0006d4fcbc8900f48f15f00020000000000000000010f,0x5e4568C4D8343052a06EC8AAB1e124AF08B73248,0x43D4A3cd90ddD2F8f4f693170C9c8098163502ad,0xA0b86991c6218b36c1d19D4a2e9Eb0cE3606eB48,800291124767190843565,0,948615005819562294366,0
15770892,1666046699,0x27c9f71cc31464b906e0006d4fcbc8900f48f15f00020000000000000000010f,0x5e92e51672787504A5f0B085CB6D069faE640520,0x43D4A3cd90ddD2F8f4f693170C9c8098163502ad,0xA0b86991c6218b36c1d19D4a2e9Eb0cE3606eB48,32849681022170368991445,284000000,149400498549368901158,0
15771364,1666052375,0x27c9f71cc31464b906e0006d4fcbc8900f48f15f00020000000000000000010f,0xB188b1CB84Fb0bA13cb9ee1292769F903A9feC59,0x43D4A3cd90ddD2F8f4f693170C9c8098163502ad,0xA0b86991c6218b36c1d19D4a2e9Eb0cE3606eB48,0,66042268,0,0
15791778,1666298675,0x27c9f71cc31464b906e0006d4fcbc8900f48f15f00020000000000000000010f,0xB188b1CB84Fb0bA13cb9ee1292769F903A9feC59,0x43D4A3cd90ddD2F8f4f693170C9c8098163502ad,0xA0b86991c6218b36c1d19D4a2e9Eb0cE3606eB48,0,1908854412,658643598457538646772,0
15802977,1666433627,0x27c9f71cc31464b906e0006d4fcbc8900f48f15f00020000000000000000010f,0x238643d4106c7c6206f8Dc31acb59Cd24C979D12,0x43D4A3cd90ddD2F8f4f693170C9c8098163502ad,0xA0b86991c6218b36c1d19D4a2e9Eb0cE3606eB48,0,-66867541,112940874110778655260,0
15810848,1666528535,0x27c9f71cc31464b906e0006d4fcbc8900f48f15f00020000000000000000010f,0xA8D070021449CEEF94724855e7B4eD867FCbF9d2,0x43D4A3cd90ddD2F8f4f693170C9c8098163502ad,0xA0b86991c6218b36c1d19D4a2e9Eb0cE3606eB48,0,45000000,1841063204420,0
15813761,1666563695,0x27c9f71cc31464b906e0006d4fcbc8900f48f15f00020000000000000000010f,0x6690167A276d0B575AF716844d47a07bF087FeC8,0x43D4A3cd90ddD2F8f4f693170C9c8098163502ad,0xA0b86991c6218b36c1d19D4a2e9Eb0cE3606eB48,0,45000000,0,0
15825586,1666706795,0x27c9f71cc31464b906e0006d4fcbc8900f48f15f00020000000000000000010f,0x311Cb5b8C61aC1d160E3D21a0390d9C1Fa64688E,0x43D4A3cd90ddD2F8f4f693170C9c8098163502ad,0xA0b86991c6218b36c1d19D4a2e9Eb0cE3606eB48,40534868673383273189836,544762463,6264767162059299458,0
15828146,1666737863,0x27c9f71cc31464b906e0006d4fcbc8900f48f15f00020000000000000000010f,0x18450A8cc1b44bdE92a82D5d455c38A344dAe427,0x43D4A3cd90ddD2F8f4f693170C9c8098163502ad,0xA0b86991c6218b36c1d19D4a2e9Eb0cE3606eB48,0,-474535261,190208529110442440439,0
15839081,1666869659,0x27c9f71cc31464b906e0006d4fcbc8900f48f15f00020000000000000000010f,0x5e92e51672787504A5f0B085CB6D069faE640520,0x43D4A3cd90ddD2F8f4f693170C9c8098163502ad,0xA0b86991c6218b36c1d19D4a2e9Eb0cE3606eB48,12100243198054414881912,108000000,58697385896044545058,0
15852968,1667037479,0x27c9f71cc31464b906e0006d4fcbc8900f48f15f00020000000000000000010f,0x04e8e5aA372D8e2233D2EF26079e23E3309003D5,0x43D4A3cd90ddD2F8f4f693170C9c8098163502ad,0xA0b86991c6218b36c1d19D4a2e9Eb0cE3606eB48,-84784023965801903192777,-1190213176,187509641189031366674,0
15852972,1667037527,0x27c9f71cc31464b906e0006d4fcbc8900f48f15f00020000000000000000010f,0x04e8e5aA372D8e2233D2EF26079e23E3309003D5,0x43D4A3cd90ddD2F8f4f693170C9c8098163502ad,0xA0b86991c6218b36c1d19D4a2e9Eb0cE3606eB48,84784023965801903192777,1190213176,5004607353660,0
15856447,1667079515,0x27c9f71cc31464b906e0006d4fcbc8900f48f15f00020000000000000000010f,0xB188b1CB84Fb0bA13cb9ee1292769F903A9feC59,0x43D4A3cd90ddD2F8f4f693170C9c8098163502ad,0xA0b86991c6218b36c1d19D4a2e9Eb0cE3606eB48,0,2000000000,116264372910288559337,0
15860971,1667134043,0x27c9f71cc31464b906e0006d4fcbc8900f48f15f00020000000000000000010f,0x682DBC3Daebd0181796359260afC3c3b9c1490fe,0x43D4A3cd90ddD2F8f4f693170C9c8098163502ad,0xA0b86991c6218b36c1d19D4a2e9Eb0cE3606eB48,56195370232749638160452,856685889,227120010386129422836,0
15861035,1667134811,0x27c9f71cc31464b906e0006d4fcbc8900f48f15f00020000000000000000010f,0xCc6d20D299275eF6b9969C030BA7308e9162F427,0x43D4A3cd90ddD2F8f4f693170C9c8098163502ad,0xA0b86991c6218b36c1d19D4a2e9Eb0cE3606eB48,20665308961847827770453,0,0,0
15861047,1667134955,0x27c9f71cc31464b906e0006d4fcbc8900f48f15f00020000000000000000010f,0x5263749CED53f0cB9cE8C9ec3a62E0683daB2772,0x43D4A3cd90ddD2F8f4f693170C9c8098163502ad,0xA0b86991c6218b36c1d19D4a2e9Eb0cE3606eB48,12201023912333292595703,0,0,0
15872168,1667269115,0x27c9f71cc31464b906e0006d4fcbc8900f48f15f00020000000000000000010f,0x7d9f5398BB4c8967F71bA2e8b09BF2aa4746b809,0x43D4A3cd90ddD2F8f4f693170C9c8098163502ad,0xA0b86991c6218b36c1d19D4a2e9Eb0cE3606eB48,0,250000000,113121948399185122155,0
15872297,1667270675,0x27c9f71cc31464b906e0006d4fcbc8900f48f15f00020000000000000000010f,0x7d9f5398BB4c8967F71bA2e8b09BF2aa4746b809,0x43D4A3cd90ddD2F8f4f693170C9c8098163502ad,0xA0b86991c6218b36c1d19D4a2e9Eb0cE3606eB48,0,275000000,0,0
15879859,1667362211,0x27c9f71cc31464b906e0006d4fcbc8900f48f15f00020000000000000000010f,0xB188b1CB84Fb0bA13cb9ee1292769F903A9feC59,0x43D4A3cd90ddD2F8f4f693170C9c8098163502ad,0xA0b86991c6218b36c1d19D4a2e9Eb0cE3606eB48,0,260768305,340012435686099715352,0
15900916,1667616323,0x27c9f71cc31464b906e0006d4fcbc8900f48f15f00020000000000000000010f,0x5e92e51672787504A5f0B085CB6D069faE640520,0x43D4A3cd90ddD2F8f4f693170C9c8098163502ad,0xA0b86991c6218b36c1d19D4a2e9Eb0cE3606eB48,45000000000000000000000,299000000,1494965312046214399108,0
15909906,1667724803,0x27c9f71cc31464b906e0006d4fcbc8900f48f15f00020000000000000000010f,0x70A0E916bf70583601bC3A5B8676a17D354881FB,0x43D4A3cd90ddD2F8f4f693170C9c8098163502ad,0xA0b86991c6218b36c1d19D4a2e9Eb0cE3606eB48,1401195442715395687016,20552650,7545375925787696107,0
15917320,1667814155,0x27c9f71cc31464b906e0006d4fcbc8900f48f15f00020000000000000000010f,0x311Cb5b8C61aC1d160E3D21a0390d9C1Fa64688E,0x43D4A3cd90ddD2F8f4f693170C9c8098163502ad,0xA0b86991c6218b36c1d19D4a2e9Eb0cE3606eB48,35104736084880223393884,509694730,40638892537814749754,0
15924384,1667899319,0x27c9f71cc31464b906e0006d4fcbc8900f48f15f00020000000000000000010f,0xEB70b4FB3AA7452A688D46CE597A54746e4620Fd,0x43D4A3cd90ddD2F8f4f693170C9c8098163502ad,0xA0b86991c6218b36c1d19D4a2e9Eb0cE3606eB48,-5555555912464560098696,-79415948,138313861174249250264,0
15931721,1667987807,0x27c9f71cc31464b906e0006d4fcbc8900f48f15f00020000000000000000010f,0x5e4568C4D8343052a06EC8AAB1e124AF08B73248,0x43D4A3cd90ddD2F8f4f693170C9c8098163502ad,0xA0b86991c6218b36c1d19D4a2e9Eb0cE3606eB48,0,-187720167,329462536722195952916,0
15932524,1667997539,0x27c9f71cc31464b906e0006d4fcbc8900f48f15f00020000000000000000010f,0x22bb05438ae1E34A87e08cE9794C7BCb3E363BF0,0x43D4A3cd90ddD2F8f4f693170C9c8098163502ad,0xA0b86991c6218b36c1d19D4a2e9Eb0cE3606eB48,25212667848415424287302,0,7155540646213,0
15943712,1668132683,0x27c9f71cc31464b906e0006d4fcbc8900f48f15f00020000000000000000010f,0xF230014CeB8CB509168364C0b03AD749BC5DaB53,0x43D4A3cd90ddD2F8f4f693170C9c8098163502ad,0xA0b86991c6218b36c1d19D4a2e9Eb0cE3606eB48,-20131933223637208219266,-263760764,311233352519124177957,0
15943725,1668132851,0x27c9f71cc31464b906e0006d4fcbc8900f48f15f00020000000000000000010f,0xF230014CeB8CB509168364C0b03AD749BC5DaB53,0x43D4A3cd90ddD2F8f4f693170C9c8098163502ad,0xA0b86991c6218b36c1d19D4a2e9Eb0cE3606eB48,20131933223637208219266,0,7680014247289,0
15947595,1668179615,0x27c9f71cc31464b906e0006d4fcbc8900f48f15f00020000000000000000010f,0x64C5029EaA2c985180e604A6Cc6eAe607D12899F,0x43D4A3cd90ddD2F8f4f693170C9c8098163502ad,0xA0b86991c6218b36c1d19D4a2e9Eb0cE3606eB48,158617578596423738838146,2070000000,205486052530463986170,0
15949015,1668196787,0x27c9f71cc31464b906e0006d4fcbc8900f48f15f00020000000000000000010f,0xA8D070021449CEEF94724855e7B4eD867FCbF9d2,0x43D4A3cd90ddD2F8f4f693170C9c8098163502ad,0xA0b86991c6218b36c1d19D4a2e9Eb0cE3606eB48,-675213498232436125515,-8393470,0,0
15956668,1668289043,0x27c9f71cc31464b906e0006d4fcbc8900f48f15f00020000000000000000010f,0x5e92e51672787504A5f0B085CB6D069faE640520,0x43D4A3cd90ddD2F8f4f693170C9c8098163502ad,0xA0b86991c6218b36c1d19D4a2e9Eb0cE3606eB48,23397932816537466380016,141000000,45641166049567577895,0
15962125,1668354839,0x27c9f71cc31464b906e0006d4fcbc8900f48f15f00020000000000000000010f,0x311Cb5b8C61aC1d160E3D21a0390d9C1Fa64688E,0x43D4A3cd90ddD2F8f4f693170C9c8098163502ad,0xA0b86991c6218b36c1d19D4a2e9Eb0cE3606eB48,17136768686421736906272,433823698,319213175601774741416,0
15964529,1668383735,0x27c9f71cc31464b906e0006d4fcbc8900f48f15f00020000000000000000010f,0x5e4568C4D8343052a06EC8AAB1e124AF08B73248,0x43D4A3cd90ddD2F8f4f693170C9c8098163502ad,0xA0b86991c6218b36c1d19D4a2e9Eb0cE3606eB48,19071476689394811547131,0,301990108266707749474,0
15981564,1668589355,0x27c9f71cc31464b906e0006d4fcbc8900f48f15f00020000000000000000010f,0x6690167A276d0B575AF716844d47a07bF087FeC8,0x43D4A3cd90ddD2F8f4f693170C9c8098163502ad,0xA0b86991c6218b36c1d19D4a2e9Eb0cE3606eB48,-670142445383930796629,-8626501,44863241794793410764,0
15992501,1668721439,0x27c9f71cc31464b906e0006d4fcbc8900f48f15f00020000000000000000010f,0xD395f0212BBdE0712a3f82C1c56C47FA3437142B,0x43D4A3cd90ddD2F8f4f693170C9c8098163502ad,0xA0b86991c6218b36c1d19D4a2e9Eb0cE3606eB48,0,1300000,702685821891380221342,0
15993962,1668739091,0x27c9f71cc31464b906e0006d4fcbc8900f48f15f00020000000000000000010f,0xF230014CeB8CB509168364C0b03AD749BC5DaB53,0x43D4A3cd90ddD2F8f4f693170C9c8098163502ad,0xA0b86991c6218b36c1d19D4a2e9Eb0cE3606eB48,0,-949429525,0,0
15996187,1668765935,0x27c9f71cc31464b906e0006d4fcbc8900f48f15f00020000000000000000010f,0x5263749CED53f0cB9cE8C9ec3a62E0683daB2772,0x43D4A3cd90ddD2F8f4f693170C9c8098163502ad,0xA0b86991c6218b36c1d19D4a2e9Eb0cE3606eB48,10640253726587633744786,689067937,43023411046236330139,0
16004636,1668867863,0x27c9f71cc31464b906e0006d4fcbc8900f48f15f00020000000000000000010f,0x28D59cDC5cb8BaD8f348c05448E2FC090D8D9601,0x43D4A3cd90ddD2F8f4f693170C9c8098163502ad,0xA0b86991c6218b36c1d19D4a2e9Eb0cE3606eB48,0,100000,150511714010515682713,0
16012418,1668961691,0x27c9f71cc31464b906e0006d4fcbc8900f48f15f00020000000000000000010f,0xF7e8cAeFa7A22999AA7a2DFe7bE570DbB341afB1,0x43D4A3cd90ddD2F8f4f693170C9c8098163502ad,0xA0b86991c6218b36c1d19D4a2e9Eb0cE3606eB48,0,10000,0,0
16013579,1668975695,0x27c9f71cc31464b906e0006d4fcbc8900f48f15f00020000000000000000010f,0x13687eC1edf8eBe8C1377790c3522c20bb902e21,0x43D4A3cd90ddD2F8f4f693170C9c8098163502ad,0xA0b86991c6218b36c1d19D4a2e9Eb0cE3606eB48,-854839143370274211755209,-10413708839,0,0
16031088,1669187099,0x27c9f71cc31464b906e0006d4fcbc8900f48f15f00020000000000000000010f,0xE6b5ca713F16d02ff97Bb6d1b7E4C412E355F306,0x43D4A3cd90ddD2F8f4f693170C9c8098163502ad,0xA0b86991c6218b36c1d19D4a2e9Eb0cE3606eB48,23626472919562568059,278692,114772316451238478572,0
16045661,1669363139,0x27c9f71cc31464b906e0006d4fcbc8900f48f15f00020000000000000000010f,0x311Cb5b8C61aC1d160E3D21a0390d9C1Fa64688E,0x43D4A3cd90ddD2F8f4f693170C9c8098163502ad,0xA0b86991c6218b36c1d19D4a2e9Eb0cE3606eB48,35564654093365377947875,297335750,1248323080371235490114,0
16045718,1669363823,0x27c9f71cc31464b906e0006d4fcbc8900f48f15f00020000000000000000010f,0x6937936DB9baa313f8d487792e84AAA93B0c5B20,0x43D4A3cd90ddD2F8f4f693170C9c8098163502ad,0xA0b86991c6218b36c1d19D4a2e9Eb0cE3606eB48,37573686832851336873165,416426331,546810578303859186801,0
16045730,1669363967,0x27c9f71cc31464b906e0006d4fcbc8900f48f15f00020000000000000000010f,0x7d781C2463c300ed86E7a51f456779de6bFEAFc9,0x43D4A3cd90ddD2F8f4f693170C9c8098163502ad,0xA0b86991c6218b36c1d19D4a2e9Eb0cE3606eB48,700000000000000000000000,6500000000,222114743997211130362,0
16088911,1669885079,0x27c9f71cc31464b906e0006d4fcbc8900f48f15f00020000000000000000010f,0x2DF71A96c11c33EBBE35344B655DD31f44439170,0x43D4A3cd90ddD2F8f4f693170C9c8098163502ad,0xA0b86991c6218b36c1d19D4a2e9Eb0cE3606eB48,203000746570579360188176,2140528573,882396133694097589731,0
16089669,1669894247,0x27c9f71cc31464b906e0006d4fcbc8900f48f15f00020000000000000000010f,0x5e92e51672787504A5f0B085CB6D069faE640520,0x43D4A3cd90ddD2F8f4f693170C9c8098163502ad,0xA0b86991c6218b36c1d19D4a2e9Eb0cE3606eB48,143100242689552650072624,1043000000,0,0
16097905,1669993535,0x27c9f71cc31464b906e0006d4fcbc8900f48f15f00020000000000000000010f,0x0E861F1D1A0D4fdC90FE18CAcae65bB750105dBc,0x43D4A3cd90ddD2F8f4f693170C9c8098163502ad,0xA0b86991c6218b36c1d19D4a2e9Eb0cE3606eB48,29867260779799080274,304121,208553906352844990526,0
16104853,1670077319,0x27c9f71cc31464b906e0006d4fcbc8900f48f15f00020000000000000000010f,0x1C2E58D84AA7cB75FB400956D9703F1f9E5424Be,0x43D4A3cd90ddD2F8f4f693170C9c8098163502ad,0xA0b86991c6218b36c1d19D4a2e9Eb0cE3606eB48,70000000000000000000000,300467790,183735995347116659458,0
16104924,1670078183,0x27c9f71cc31464b906e0006d4fcbc8900f48f15f00020000000000000000010f,0x3E4c8F25D1198CCb1CCA579C6AAB790D3a28704d,0x43D4A3cd90ddD2F8f4f693170C9c8098163502ad,0xA0b86991c6218b36c1d19D4a2e9Eb0cE3606eB48,20439000000000000000000,0,0,0
16114087,1670188847,0x27c9f71cc31464b906e0006d4fcbc8900f48f15f00020000000000000000010f,0x311Cb5b8C61aC1d160E3D21a0390d9C1Fa64688E,0x43D4A3cd90ddD2F8f4f693170C9c8098163502ad,0xA0b86991c6218b36c1d19D4a2e9Eb0cE3606eB48,42531147372152157798229,0,47947454651700674808,0
16123691,1670304851,0x27c9f71cc31464b906e0006d4fcbc8900f48f15f00020000000000000000010f,0x70A0E916bf70583601bC3A5B8676a17D354881FB,0x43D4A3cd90ddD2F8f4f693170C9c8098163502ad,0xA0b86991c6218b36c1d19D4a2e9Eb0cE3606eB48,0,-225449484,473983338475474103895,0
16125943,1670331983,0x27c9f71cc31464b906e0006d4fcbc8900f48f15f00020000000000000000010f,0x3d958C62b36e01018644538Bd1998C1E9BE1dDD8,0x43D4A3cd90ddD2F8f4f693170C9c8098163502ad,0xA0b86991c6218b36c1d19D4a2e9Eb0cE3606eB48,35000000000000000000000,342256183,180328502681924825526,0
16162886,1670778791,0x27c9f71cc31464b906e0006d4fcbc8900f48f15f00020000000000000000010f,0x71226c538679eD4A72E803b3E2C93aD7403DA094,0x43D4A3cd90ddD2F8f4f693170C9c8098163502ad,0xA0b86991c6218b36c1d19D4a2e9Eb0cE3606eB48,261828321974357326505,0,157861111978908940605,0
16164256,1670795363,0x27c9f71cc31464b906e0006d4fcbc8900f48f15f00020000000000000000010f,0x70A0E916bf70583601bC3A5B8676a17D354881FB,0x43D4A3cd90ddD2F8f4f693170C9c8098163502ad,0xA0b86991c6218b36c1d19D4a2e9Eb0cE3606eB48,1031867563805304945974,25000000,0,0
16167904,1670839355,0x27c9f71cc31464b906e0006d4fcbc8900f48f15f00020000000000000000010f,0x2DF71A96c11c33EBBE35344B655DD31f44439170,0x43D4A3cd90ddD2F8f4f693170C9c8098163502ad,0xA0b86991c6218b36c1d19D4a2e9Eb0cE3606eB48,189394901996918140577410,1433106203,96990942575733973266,0
16181690,1671005855,0x27c9f71cc31464b906e0006d4fcbc8900f48f15f00020000000000000000010f,0x3E4c8F25D1198CCb1CCA579C6AAB790D3a28704d,0x43D4A3cd90ddD2F8f4f693170C9c8098163502ad,0xA0b86991c6218b36c1d19D4a2e9Eb0cE3606eB48,-16634057028429334046114,-149566574,462520187285725994519,0
16184069,1671034595,0x27c9f71cc31464b906e0006d4fcbc8900f48f15f00020000000000000000010f,0x22bb05438ae1E34A87e08cE9794C7BCb3E363BF0,0x43D4A3cd90ddD2F8f4f693170C9c8098163502ad,0xA0b86991c6218b36c1d19D4a2e9Eb0cE3606eB48,6417783291734490497832,0,230579742453728334910,0
16250883,1671840143,0x27c9f71cc31464b906e0006d4fcbc8900f48f15f00020000000000000000010f,0x7d781C2463c300ed86E7a51f456779de6bFEAFc9,0x43D4A3cd90ddD2F8f4f693170C9c8098163502ad,0xA0b86991c6218b36c1d19D4a2e9Eb0cE3606eB48,127423458386392448298426,1211421669,666641200644541471674,0
16253385,1671870323,0x27c9f71cc31464b906e0006d4fcbc8900f48f15f00020000000000000000010f,0x80FA06c0E3619D0558d4E23f77237B8BBCd68465,0x43D4A3cd90ddD2F8f4f693170C9c8098163502ad,0xA0b86991c6218b36c1d19D4a2e9Eb0cE3606eB48,0,-2777768787,0,0
16253493,1671871619,0x27c9f71cc31464b906e0006d4fcbc8900f48f15f00020000000000000000010f,0x04Be74F44E452F2fE6c757F19F90B92cfC9f9aEA,0x43D4A3cd90ddD2F8f4f693170C9c8098163502ad,0xA0b86991c6218b36c1d19D4a2e9Eb0cE3606eB48,0,-2899351792,2216652936727,0
16293831,1672358087,0x27c9f71cc31464b906e0006d4fcbc8900f48f15f00020000000000000000010f,0x7d781C2463c300ed86E7a51f456779de6bFEAFc9,0x43D4A3cd90ddD2F8f4f693170C9c8098163502ad,0xA0b86991c6218b36c1d19D4a2e9Eb0cE3606eB48,800732326193888289484306,5619720511,1050691664461042864544,0
16314319,1672605047,0x27c9f71cc31464b906e0006d4fcbc8900f48f15f00020000000000000000010f,0x22bb05438ae1E34A87e08cE9794C7BCb3E363BF0,0x43D4A3cd90ddD2F8f4f693170C9c8098163502ad,0xA0b86991c6218b36c1d19D4a2e9Eb0cE3606eB48,3318478028576595938952,0,198146907713674487307,0
16332922,1672829243,0x27c9f71cc31464b906e0006d4fcbc8900f48f15f00020000000000000000010f,0x5e92e51672787504A5f0B085CB6D069faE640520,0x43D4A3cd90ddD2F8f4f693170C9c8098163502ad,0xA0b86991c6218b36c1d19D4a2e9Eb0cE3606eB48,46250000000000000000000,250000000,0,0
16333375,1672834691,0x27c9f71cc31464b906e0006d4fcbc8900f48f15f00020000000000000000010f,0x311Cb5b8C61aC1d160E3D21a0390d9C1Fa64688E,0x43D4A3cd90ddD2F8f4f693170C9c8098163502ad,0xA0b86991c6218b36c1d19D4a2e9Eb0cE3606eB48,103176262922478520921530,643571550,96733985953889459264,0
16346331,1672991051,0x27c9f71cc31464b906e0006d4fcbc8900f48f15f00020000000000000000010f,0x1E8eE48D0621289297693fC98914DA2EfDcE1477,0x43D4A3cd90ddD2F8f4f693170C9c8098163502ad,0xA0b86991c6218b36c1d19D4a2e9Eb0cE3606eB48,10759461316384955591382,74683215,253265186293156960214,0
16370052,1673277047,0x27c9f71cc31464b906e0006d4fcbc8900f48f15f00020000000000000000010f,0xDe542B4CA99E543A2E8A12e44a1Dd7a193e0766D,0x43D4A3cd90ddD2F8f4f693170C9c8098163502ad,0xA0b86991c6218b36c1d19D4a2e9Eb0cE3606eB48,47520682723089913662111,401740620,300120766464085789464,0
16382424,1673426279,0x27c9f71cc31464b906e0006d4fcbc8900f48f15f00020000000000000000010f,0x7d781C2463c300ed86E7a51f456779de6bFEAFc9,0x43D4A3cd90ddD2F8f4f693170C9c8098163502ad,0xA0b86991c6218b36c1d19D4a2e9Eb0cE3606eB48,1764331868385520383050745,14418377748,966029300146795019273,0
16385996,1673469479,0x27c9f71cc31464b906e0006d4fcbc8900f48f15f00020000000000000000010f,0x311Cb5b8C61aC1d160E3D21a0390d9C1Fa64688E,0x43D4A3cd90ddD2F8f4f693170C9c8098163502ad,0xA0b86991c6218b36c1d19D4a2e9Eb0cE3606eB48,20122997468796329223672,0,505737989319295053939,0
16386003,1673469563,0x27c9f71cc31464b906e0006d4fcbc8900f48f15f00020000000000000000010f,0x311Cb5b8C61aC1d160E3D21a0390d9C1Fa64688E,0x43D4A3cd90ddD2F8f4f693170C9c8098163502ad,0xA0b86991c6218b36c1d19D4a2e9Eb0cE3606eB48,11907000000000000000000,0,59912267782690412499,0
16404187,1673688947,0x27c9f71cc31464b906e0006d4fcbc8900f48f15f00020000000000000000010f,0x567d220B0169836cBF351DF70A9c517096ec9De7,0x43D4A3cd90ddD2F8f4f693170C9c8098163502ad,0xA0b86991c6218b36c1d19D4a2e9Eb0cE3606eB48,964678366017970079326902,5876613267,639033370767311431298,0
16404745,1673695703,0x27c9f71cc31464b906e0006d4fcbc8900f48f15f00020000000000000000010f,0x2DF71A96c11c33EBBE35344B655DD31f44439170,0x43D4A3cd90ddD2F8f4f693170C9c8098163502ad,0xA0b86991c6218b36c1d19D4a2e9Eb0cE3606eB48,123103028422475021429031,0,142582031378695152279,0
16406661,1673718779,0x27c9f71cc31464b906e0006d4fcbc8900f48f15f00020000000000000000010f,0x5e92e51672787504A5f0B085CB6D069faE640520,0x43D4A3cd90ddD2F8f4f693170C9c8098163502ad,0xA0b86991c6218b36c1d19D4a2e9Eb0cE3606eB48,160021735826113387677896,1250000000,116659574061408230501,0
16416253,1673834699,0x27c9f71cc31464b906e0006d4fcbc8900f48f15f00020000000000000000010f,0x22bb05438ae1E34A87e08cE9794C7BCb3E363BF0,0x43D4A3cd90ddD2F8f4f693170C9c8098163502ad,0xA0b86991c6218b36c1d19D4a2e9Eb0cE3606eB48,2598654111050822784408,0,201410334875293264037,0
16418902,1673866751,0x27c9f71cc31464b906e0006d4fcbc8900f48f15f00020000000000000000010f,0x1C2E58D84AA7cB75FB400956D9703F1f9E5424Be,0x43D4A3cd90ddD2F8f4f693170C9c8098163502ad,0xA0b86991c6218b36c1d19D4a2e9Eb0cE3606eB48,87450000000000000000000,753681377,6656464707642639795,0
16438025,1674097175,0x27c9f71cc31464b906e0006d4fcbc8900f48f15f00020000000000000000010f,0xc4D59742bd702E92e746d44B3aA2B7c99A780325,0x43D4A3cd90ddD2F8f4f693170C9c8098163502ad,0xA0b86991c6218b36c1d19D4a2e9Eb0cE3606eB48,0,-161438053,88581795300647500785,0
16440378,1674125591,0x27c9f71cc31464b906e0006d4fcbc8900f48f15f00020000000000000000010f,0x311Cb5b8C61aC1d160E3D21a0390d9C1Fa64688E,0x43D4A3cd90ddD2F8f4f693170C9c8098163502ad,0xA0b86991c6218b36c1d19D4a2e9Eb0cE3606eB48,59554964326111818502953,0,264882780532231429571,0
16442043,1674145679,0x27c9f71cc31464b906e0006d4fcbc8900f48f15f00020000000000000000010f,0x3d958C62b36e01018644538Bd1998C1E9BE1dDD8,0x43D4A3cd90ddD2F8f4f693170C9c8098163502ad,0xA0b86991c6218b36c1d19D4a2e9Eb0cE3606eB48,87450000000000000000000,783021411,73846438616131129530,0
16463948,1674409847,0x27c9f71cc31464b906e0006d4fcbc8900f48f15f00020000000000000000010f,0x2DF71A96c11c33EBBE35344B655DD31f44439170,0x43D4A3cd90ddD2F8f4f693170C9c8098163502ad,0xA0b86991c6218b36c1d19D4a2e9Eb0cE3606eB48,244913057631529386342007,2206644588,137288931524827774425,0
16496657,1674804455,0x27c9f71cc31464b906e0006d4fcbc8900f48f15f00020000000000000000010f,0xCc6d20D299275eF6b9969C030BA7308e9162F427,0x43D4A3cd90ddD2F8f4f693170C9c8098163502ad,0xA0b86991c6218b36c1d19D4a2e9Eb0cE3606eB48,52817209828211516997167,0,2594688891617777332555,0
16512882,1675000175,0x27c9f71cc31464b906e0006d4fcbc8900f48f15f00020000000000000000010f,0xaD5d1F9e5B07ea8ABD262Ed16aAF21cfa9C8EB18,0x43D4A3cd90ddD2F8f4f693170C9c8098163502ad,0xA0b86991c6218b36c1d19D4a2e9Eb0cE3606eB48,-3378483456274517082821,-29352305,405919367693926432617,0
16575968,1675761587,0x27c9f71cc31464b906e0006d4fcbc8900f48f15f00020000000000000000010f,0x2DF71A96c11c33EBBE35344B655DD31f44439170,0x43D4A3cd90ddD2F8f4f693170C9c8098163502ad,0xA0b86991c6218b36c1d19D4a2e9Eb0cE3606eB48,44671935400830596286436,0,1609381427863808183850,0
16583864,1675856891,0x27c9f71cc31464b906e0006d4fcbc8900f48f15f00020000000000000000010f,0x311Cb5b8C61aC1d160E3D21a0390d9C1Fa64688E,0x43D4A3cd90ddD2F8f4f693170C9c8098163502ad,0xA0b86991c6218b36c1d19D4a2e9Eb0cE3606eB48,54884222140876010342064,602402218,484449050761767308198,0
16626077,1676366699,0x27c9f71cc31464b906e0006d4fcbc8900f48f15f00020000000000000000010f,0x1C2E58D84AA7cB75FB400956D9703F1f9E5424Be,0x43D4A3cd90ddD2F8f4f693170C9c8098163502ad,0xA0b86991c6218b36c1d19D4a2e9Eb0cE3606eB48,90000000000000000000000,725782779,645878660498435516857,0
16630686,1676422379,0x27c9f71cc31464b906e0006d4fcbc8900f48f15f00020000000000000000010f,0x5e92e51672787504A5f0B085CB6D069faE640520,0x43D4A3cd90ddD2F8f4f693170C9c8098163502ad,0xA0b86991c6218b36c1d19D4a2e9Eb0cE3606eB48,139350000000000000000000,1101000000,0,0
16632833,1676448251,0x27c9f71cc31464b906e0006d4fcbc8900f48f15f00020000000000000000010f,0xCc6d20D299275eF6b9969C030BA7308e9162F427,0x43D4A3cd90ddD2F8f4f693170C9c8098163502ad,0xA0b86991c6218b36c1d19D4a2e9Eb0cE3606eB48,44113782467377177581998,0,5831013883663754377251,0
16632854,1676448503,0x27c9f71cc31464b906e0006d4fcbc8900f48f15f00020000000000000000010f,0x311Cb5b8C61aC1d160E3D21a0390d9C1Fa64688E,0x43D4A3cd90ddD2F8f4f693170C9c8098163502ad,0xA0b86991c6218b36c1d19D4a2e9Eb0cE3606eB48,82049980983157427125674,0,314873413496437483181,0
16655486,1676722919,0x27c9f71cc31464b906e0006d4fcbc8900f48f15f00020000000000000000010f,0x3d958C62b36e01018644538Bd1998C1E9BE1dDD8,0x43D4A3cd90ddD2F8f4f693170C9c8098163502ad,0xA0b86991c6218b36c1d19D4a2e9Eb0cE3606eB48,90000000000000000000000,615021868,409976711059906632964,0
16694148,1677192371,0x27c9f71cc31464b906e0006d4fcbc8900f48f15f00020000000000000000010f,0x2DF71A96c11c33EBBE35344B655DD31f44439170,0x43D4A3cd90ddD2F8f4f693170C9c8098163502ad,0xA0b86991c6218b36c1d19D4a2e9Eb0cE3606eB48,201500000000000000000000,1500001000,3416115676861450318665,0
16702500,1677294059,0x27c9f71cc31464b906e0006d4fcbc8900f48f15f00020000000000000000010f,0x4Ffc5F22770ab6046c8D66DABAe3A9CD1E7A03e7,0x43D4A3cd90ddD2F8f4f693170C9c8098163502ad,0xA0b86991c6218b36c1d19D4a2e9Eb0cE3606eB48,7921998074662865753608,53330835,777287090111151667757,0
16713892,1677432539,0x27c9f71cc31464b906e0006d4fcbc8900f48f15f00020000000000000000010f,0x311Cb5b8C61aC1d160E3D21a0390d9C1Fa64688E,0x43D4A3cd90ddD2F8f4f693170C9c8098163502ad,0xA0b86991c6218b36c1d19D4a2e9Eb0cE3606eB48,118298597143384457476747,0,308499702801602381099,0
16718383,1677486971,0x27c9f71cc31464b906e0006d4fcbc8900f48f15f00020000000000000000010f,0x5e92e51672787504A5f0B085CB6D069faE640520,0x43D4A3cd90ddD2F8f4f693170C9c8098163502ad,0xA0b86991c6218b36c1d19D4a2e9Eb0cE3606eB48,59694482444140443508128,330000000,6968565274990837943297,0
16732872,1677662771,0x27c9f71cc31464b906e0006d4fcbc8900f48f15f00020000000000000000010f,0xEFC34498fa7825aEE43B495e44646e3710b19ad5,0x43D4A3cd90ddD2F8f4f693170C9c8098163502ad,0xA0b86991c6218b36c1d19D4a2e9Eb0cE3606eB48,17788997133611298649296,120250983,608827915122921605338,0
16733237,1677667199,0x27c9f71cc31464b906e0006d4fcbc8900f48f15f00020000000000000000010f,0x0cb3e38741Ed54FDe0B7b7e1C93DCd28a4A6F15C,0x43D4A3cd90ddD2F8f4f693170C9c8098163502ad,0xA0b86991c6218b36c1d19D4a2e9Eb0cE3606eB48,14950217705591452369336,101066819,0,0
16776080,1678187927,0x27c9f71cc31464b906e0006d4fcbc8900f48f15f00020000000000000000010f,0x2DF71A96c11c33EBBE35344B655DD31f44439170,0x43D4A3cd90ddD2F8f4f693170C9c8098163502ad,0xA0b86991c6218b36c1d19D4a2e9Eb0cE3606eB48,254775127787404241129126,1500000000,1846847920752427193716,0
16840718,1678973495,0x27c9f71cc31464b906e0006d4fcbc8900f48f15f00020000000000000000010f,0x311Cb5b8C61aC1d160E3D21a0390d9C1Fa64688E,0x43D4A3cd90ddD2F8f4f693170C9c8098163502ad,0xA0b86991c6218b36c1d19D4a2e9Eb0cE3606eB48,68588758575770926466738,0,1365538984614885224207,0
16845400,1679030219,0x27c9f71cc31464b906e0006d4fcbc8900f48f15f00020000000000000000010f,0x22bb05438ae1E34A87e08cE9794C7BCb3E363BF0,0x43D4A3cd90ddD2F8f4f693170C9c8098163502ad,0xA0b86991c6218b36c1d19D4a2e9Eb0cE3606eB48,5201390926629287697960,0,0,0
16851488,1679104199,0x27c9f71cc31464b906e0006d4fcbc8900f48f15f00020000000000000000010f,0x5e4568C4D8343052a06EC8AAB1e124AF08B73248,0x43D4A3cd90ddD2F8f4f693170C9c8098163502ad,0xA0b86991c6218b36c1d19D4a2e9Eb0cE3606eB48,0,-598095538,605301967766459389059,0
16867569,1679299379,0x27c9f71cc31464b906e0006d4fcbc8900f48f15f00020000000000000000010f,0x5C89C420A9E82Ea9AEDBaAab03302e39982919b9,0x43D4A3cd90ddD2F8f4f693170C9c8098163502ad,0xA0b86991c6218b36c1d19D4a2e9Eb0cE3606eB48,59172807183100497294068,0,236358848507741490297,0
16875465,1679395031,0x27c9f71cc31464b906e0006d4fcbc8900f48f15f00020000000000000000010f,0xB188b1CB84Fb0bA13cb9ee1292769F903A9feC59,0x43D4A3cd90ddD2F8f4f693170C9c8098163502ad,0xA0b86991c6218b36c1d19D4a2e9Eb0cE3606eB48,43812864782277159516444,0,323348819720145031190,0
16904060,1679742239,0x27c9f71cc31464b906e0006d4fcbc8900f48f15f00020000000000000000010f,0x3d958C62b36e01018644538Bd1998C1E9BE1dDD8,0x43D4A3cd90ddD2F8f4f693170C9c8098163502ad,0xA0b86991c6218b36c1d19D4a2e9Eb0cE3606eB48,110000000000000000000000,754548566,83215515085941389467,0
16938277,1680157667,0x27c9f71cc31464b906e0006d4fcbc8900f48f15f00020000000000000000010f,0x5e92e51672787504A5f0B085CB6D069faE640520,0x43D4A3cd90ddD2F8f4f693170C9c8098163502ad,0xA0b86991c6218b36c1d19D4a2e9Eb0cE3606eB48,185000000000000000000000,1100000000,128517000319100543867,0
16939743,1680175379,0x27c9f71cc31464b906e0006d4fcbc8900f48f15f00020000000000000000010f,0x465D3cdB4cB6F5209f9334f0984D6C757fcEA08f,0x43D4A3cd90ddD2F8f4f693170C9c8098163502ad,0xA0b86991c6218b36c1d19D4a2e9Eb0cE3606eB48,10815380594353872291360,71551508,444375524712874716883,0
16973027,1680580487,0x27c9f71cc31464b906e0006d4fcbc8900f48f15f00020000000000000000010f,0x93ac049CBF03DeD1040ED30fBDA089d42EE0CDdD,0x43D4A3cd90ddD2F8f4f693170C9c8098163502ad,0xA0b86991c6218b36c1d19D4a2e9Eb0cE3606eB48,0,-639645617,632914569037599890206,0
16989587,1680784343,0x27c9f71cc31464b906e0006d4fcbc8900f48f15f00020000000000000000010f,0x6937936DB9baa313f8d487792e84AAA93B0c5B20,0x43D4A3cd90ddD2F8f4f693170C9c8098163502ad,0xA0b86991c6218b36c1d19D4a2e9Eb0cE3606eB48,79238118388077663587512,507882262,159469100863501241950,0
16996674,1680871295,0x27c9f71cc31464b906e0006d4fcbc8900f48f15f00020000000000000000010f,0xB188b1CB84Fb0bA13cb9ee1292769F903A9feC59,0x43D4A3cd90ddD2F8f4f693170C9c8098163502ad,0xA0b86991c6218b36c1d19D4a2e9Eb0cE3606eB48,21939364790254902457917,0,51936181378034302576,0
17003153,1680950435,0x27c9f71cc31464b906e0006d4fcbc8900f48f15f00020000000000000000010f,0xCc6d20D299275eF6b9969C030BA7308e9162F427,0x43D4A3cd90ddD2F8f4f693170C9c8098163502ad,0xA0b86991c6218b36c1d19D4a2e9Eb0cE3606eB48,43004120601251377884834,0,215229380762189804642,0
17003339,1680952727,0x27c9f71cc31464b906e0006d4fcbc8900f48f15f00020000000000000000010f,0x7d781C2463c300ed86E7a51f456779de6bFEAFc9,0x43D4A3cd90ddD2F8f4f693170C9c8098163502ad,0xA0b86991c6218b36c1d19D4a2e9Eb0cE3606eB48,538451551825951991164774,0,835413045100050941070,0
17061753,1681676303,0x27c9f71cc31464b906e0006d4fcbc8900f48f15f00020000000000000000010f,0x7d781C2463c300ed86E7a51f456779de6bFEAFc9,0x43D4A3cd90ddD2F8f4f693170C9c8098163502ad,0xA0b86991c6218b36c1d19D4a2e9Eb0cE3606eB48,385289480380842190253576,2645151507,717760059686693425235,0
17065437,1681721543,0x27c9f71cc31464b906e0006d4fcbc8900f48f15f00020000000000000000010f,0x1Ae6DCBc88d6f81A7BCFcCC7198397D776F3592E,0x43D4A3cd90ddD2F8f4f693170C9c8098163502ad,0xA0b86991c6218b36c1d19D4a2e9Eb0cE3606eB48,73198000000000000000000,484201762,181669783206632724028,0
17121352,1682402339,0x27c9f71cc31464b906e0006d4fcbc8900f48f15f00020000000000000000010f,0xeF1c52B635d7A79eb9fBc73274CFA35189351F4E,0x43D4A3cd90ddD2F8f4f693170C9c8098163502ad,0xA0b86991c6218b36c1d19D4a2e9Eb0cE3606eB48,190000000000000000000000,1083000000,421832377839330605023,0
17136775,1682589479,0x27c9f71cc31464b906e0006d4fcbc8900f48f15f00020000000000000000010f,0x64C5029EaA2c985180e604A6Cc6eAe607D12899F,0x43D4A3cd90ddD2F8f4f693170C9c8098163502ad,0xA0b86991c6218b36c1d19D4a2e9Eb0cE3606eB48,17127751326061208838264,101347017,424759328009734075269,0
17154084,1682799767,0x27c9f71cc31464b906e0006d4fcbc8900f48f15f00020000000000000000010f,0x311Cb5b8C61aC1d160E3D21a0390d9C1Fa64688E,0x43D4A3cd90ddD2F8f4f693170C9c8098163502ad,0xA0b86991c6218b36c1d19D4a2e9Eb0cE3606eB48,157230066456778753944374,122747852,307016668076572584512,0
17325541,1684888727,0x27c9f71cc31464b906e0006d4fcbc8900f48f15f00020000000000000000010f,0xF230014CeB8CB509168364C0b03AD749BC5DaB53,0x43D4A3cd90ddD2F8f4f693170C9c8098163502ad,0xA0b86991c6218b36c1d19D4a2e9Eb0cE3606eB48,0,-459432203,565682783399871725774,0
17364054,1685356091,0x27c9f71cc31464b906e0006d4fcbc8900f48f15f00020000000000000000010f,0x5C89C420A9E82Ea9AEDBaAab03302e39982919b9,0x43D4A3cd90ddD2F8f4f693170C9c8098163502ad,0xA0b86991c6218b36c1d19D4a2e9Eb0cE3606eB48,81569184413970303894666,373279047,977041140712064313412,0
17396386,1685749559,0x27c9f71cc31464b906e0006d4fcbc8900f48f15f00020000000000000000010f,0xD6f437d7A5BfFB6D5949a683c4B1c9808F83f4c9,0x43D4A3cd90ddD2F8f4f693170C9c8098163502ad,0xA0b86991c6218b36c1d19D4a2e9Eb0cE3606eB48,14001667109999999014416,0,700000019178072598496,0
17399807,1685791043,0x27c9f71cc31464b906e0006d4fcbc8900f48f15f00020000000000000000010f,0xeF1c52B635d7A79eb9fBc73274CFA35189351F4E,0x43D4A3cd90ddD2F8f4f693170C9c8098163502ad,0xA0b86991c6218b36c1d19D4a2e9Eb0cE3606eB48,131462228302173575193504,617000000,0,0
17413485,1685957927,0x27c9f71cc31464b906e0006d4fcbc8900f48f15f00020000000000000000010f,0x311Cb5b8C61aC1d160E3D21a0390d9C1Fa64688E,0x43D4A3cd90ddD2F8f4f693170C9c8098163502ad,0xA0b86991c6218b36c1d19D4a2e9Eb0cE3606eB48,164542582285866052932300,0,403003963514497646432,0
17430563,1686166091,0x27c9f71cc31464b906e0006d4fcbc8900f48f15f00020000000000000000010f,0xB188b1CB84Fb0bA13cb9ee1292769F903A9feC59,0x43D4A3cd90ddD2F8f4f693170C9c8098163502ad,0xA0b86991c6218b36c1d19D4a2e9Eb0cE3606eB48,0,500000000,201649738604797434178,0
17432269,1686186863,0x27c9f71cc31464b906e0006d4fcbc8900f48f15f00020000000000000000010f,0x8061199A31983A077E691C08B2263a4CF5c24093,0x43D4A3cd90ddD2F8f4f693170C9c8098163502ad,0xA0b86991c6218b36c1d19D4a2e9Eb0cE3606eB48,0,918955587,0,0
17436038,1686232799,0x27c9f71cc31464b906e0006d4fcbc8900f48f15f00020000000000000000010f,0xB1f881f47baB744E7283851bC090bAA626df931d,0x43D4A3cd90ddD2F8f4f693170C9c8098163502ad,0xA0b86991c6218b36c1d19D4a2e9Eb0cE3606eB48,0,-504286457,268065527646209373484,0
17437936,1686256043,0x27c9f71cc31464b906e0006d4fcbc8900f48f15f00020000000000000000010f,0x8061199A31983A077E691C08B2263a4CF5c24093,0x43D4A3cd90ddD2F8f4f693170C9c8098163502ad,0xA0b86991c6218b36c1d19D4a2e9Eb0cE3606eB48,0,-914584425,19389636807018,0
17492440,1686919007,0x27c9f71cc31464b906e0006d4fcbc8900f48f15f00020000000000000000010f,0x13772b10C274A289F8169d793e3F60DF9656d437,0x43D4A3cd90ddD2F8f4f693170C9c8098163502ad,0xA0b86991c6218b36c1d19D4a2e9Eb0cE3606eB48,358251306116525285268796,0,444701983425540519725,0
17537847,1687469495,0x27c9f71cc31464b906e0006d4fcbc8900f48f15f00020000000000000000010f,0x1E8eE48D0621289297693fC98914DA2EfDcE1477,0x43D4A3cd90ddD2F8f4f693170C9c8098163502ad,0xA0b86991c6218b36c1d19D4a2e9Eb0cE3606eB48,0,-332132722,278948676062048909417,0
17698920,1689425771,0x27c9f71cc31464b906e0006d4fcbc8900f48f15f00020000000000000000010f,0xeF1c52B635d7A79eb9fBc73274CFA35189351F4E,0x43D4A3cd90ddD2F8f4f693170C9c8098163502ad,0xA0b86991c6218b36c1d19D4a2e9Eb0cE3606eB48,50768532893255166102070,250000000,4680244459071151442100,0
17748913,1690031867,0x27c9f71cc31464b906e0006d4fcbc8900f48f15f00020000000000000000010f,0x567d220B0169836cBF351DF70A9c517096ec9De7,0x43D4A3cd90ddD2F8f4f693170C9c8098163502ad,0xA0b86991c6218b36c1d19D4a2e9Eb0cE3606eB48,450713211479389398165181,2285091060,143095146099407247424,0
17770310,1690290539,0x27c9f71cc31464b906e0006d4fcbc8900f48f15f00020000000000000000010f,0x2DF71A96c11c33EBBE35344B655DD31f44439170,0x43D4A3cd90ddD2F8f4f693170C9c8098163502ad,0xA0b86991c6218b36c1d19D4a2e9Eb0cE3606eB48,450000000000000000000000,2465674614,314650034154123868781,0
17818634,1690874627,0x27c9f71cc31464b906e0006d4fcbc8900f48f15f00020000000000000000010f,0x5C89C420A9E82Ea9AEDBaAab03302e39982919b9,0x43D4A3cd90ddD2F8f4f693170C9c8098163502ad,0xA0b86991c6218b36c1d19D4a2e9Eb0cE3606eB48,0,-1205085964,114794161247076476365,0
17852451,1691282951,0x27c9f71cc31464b906e0006d4fcbc8900f48f15f00020000000000000000010f,0x7d9f5398BB4c8967F71bA2e8b09BF2aa4746b809,0x43D4A3cd90ddD2F8f4f693170C9c8098163502ad,0xA0b86991c6218b36c1d19D4a2e9Eb0cE3606eB48,0,-247584482,49947875959831110167,0
17882460,1691645927,0x27c9f71cc31464b906e0006d4fcbc8900f48f15f00020000000000000000010f,0x5C89C420A9E82Ea9AEDBaAab03302e39982919b9,0x43D4A3cd90ddD2F8f4f693170C9c8098163502ad,0xA0b86991c6218b36c1d19D4a2e9Eb0cE3606eB48,-290518357894085198119832,-1590633965,1766587394987156248643,0
17882867,1691650871,0x27c9f71cc31464b906e0006d4fcbc8900f48f15f00020000000000000000010f,0xCc6d20D299275eF6b9969C030BA7308e9162F427,0x43D4A3cd90ddD2F8f4f693170C9c8098163502ad,0xA0b86991c6218b36c1d19D4a2e9Eb0cE3606eB48,-446617983173861585396746,-2375344310,437124581984629848224,0
17938824,1692327155,0x27c9f71cc31464b906e0006d4fcbc8900f48f15f00020000000000000000010f,0x5c8A889C2B9107896eB8eCB2DE1348953D086Fb0,0x43D4A3cd90ddD2F8f4f693170C9c8098163502ad,0xA0b86991c6218b36c1d19D4a2e9Eb0cE3606eB48,0,-1552440311,128948084411822463548,0
17940076,1692342311,0x27c9f71cc31464b906e0006d4fcbc8900f48f15f00020000000000000000010f,0x311Cb5b8C61aC1d160E3D21a0390d9C1Fa64688E,0x43D4A3cd90ddD2F8f4f693170C9c8098163502ad,0xA0b86991c6218b36c1d19D4a2e9Eb0cE3606eB48,-1806390099681445139157370,-9330457102,15473400011101,0
17940256,1692344483,0x27c9f71cc31464b906e0006d4fcbc8900f48f15f00020000000000000000010f,0x5e92e51672787504A5f0B085CB6D069faE640520,0x43D4A3cd90ddD2F8f4f693170C9c8098163502ad,0xA0b86991c6218b36c1d19D4a2e9Eb0cE3606eB48,-1172101412277456313246182,-6054197235,16338140949218,0
17940270,1692344651,0x27c9f71cc31464b906e0006d4fcbc8900f48f15f00020000000000000000010f,0x5e92e51672787504A5f0B085CB6D069faE640520,0x43D4A3cd90ddD2F8f4f693170C9c8098163502ad,0xA0b86991c6218b36c1d19D4a2e9Eb0cE3606eB48,0,-641338074,7266347945028,0
17940303,1692345059,0x27c9f71cc31464b906e0006d4fcbc8900f48f15f00020000000000000000010f,0xeF1c52B635d7A79eb9fBc73274CFA35189351F4E,0x43D4A3cd90ddD2F8f4f693170C9c8098163502ad,0xA0b86991c6218b36c1d19D4a2e9Eb0cE3606eB48,-375228909467311365081012,-1917348140,15114769984006,0
17940787,1692350963,0x27c9f71cc31464b906e0006d4fcbc8900f48f15f00020000000000000000010f,0x9b40d52Bd9fa0256C7853D3d02f2B5DC66802a0A,0x43D4A3cd90ddD2F8f4f693170C9c8098163502ad,0xA0b86991c6218b36c1d19D4a2e9Eb0cE3606eB48,0,-831619949,13041398578682,0
17941150,1692355379,0x27c9f71cc31464b906e0006d4fcbc8900f48f15f00020000000000000000010f,0x2DF71A96c11c33EBBE35344B655DD31f44439170,0x43D4A3cd90ddD2F8f4f693170C9c8098163502ad,0xA0b86991c6218b36c1d19D4a2e9Eb0cE3606eB48,-1128194431685492085600090,-5681033083,10473786350305,0
17941466,1692359207,0x27c9f71cc31464b906e0006d4fcbc8900f48f15f00020000000000000000010f,0x7d781C2463c300ed86E7a51f456779de6bFEAFc9,0x43D4A3cd90ddD2F8f4f693170C9c8098163502ad,0xA0b86991c6218b36c1d19D4a2e9Eb0cE3606eB48,-2320523032383756656863187,-11413616734,239226210308015458091,0
17978669,1692808895,0x27c9f71cc31464b906e0006d4fcbc8900f48f15f00020000000000000000010f,0x2DF71A96c11c33EBBE35344B655DD31f44439170,0x43D4A3cd90ddD2F8f4f693170C9c8098163502ad,0xA0b86991c6218b36c1d19D4a2e9Eb0cE3606eB48,530000000000000000000000,0,935212900268934742250,0
17990908,1692956831,0x27c9f71cc31464b906e0006d4fcbc8900f48f15f00020000000000000000010f,0x465D3cdB4cB6F5209f9334f0984D6C757fcEA08f,0x43D4A3cd90ddD2F8f4f693170C9c8098163502ad,0xA0b86991c6218b36c1d19D4a2e9Eb0cE3606eB48,-18888076793378104377064,-81212000,131681143994727164054,0
17993541,1692988679,0x27c9f71cc31464b906e0006d4fcbc8900f48f15f00020000000000000000010f,0xCc6d20D299275eF6b9969C030BA7308e9162F427,0x43D4A3cd90ddD2F8f4f693170C9c8098163502ad,0xA0b86991c6218b36c1d19D4a2e9Eb0cE3606eB48,475836679958812981964693,1120344310,498200245382383521949,0
18033413,1693471127,0x27c9f71cc31464b906e0006d4fcbc8900f48f15f00020000000000000000010f,0x2DF71A96c11c33EBBE35344B655DD31f44439170,0x43D4A3cd90ddD2F8f4f693170C9c8098163502ad,0xA0b86991c6218b36c1d19D4a2e9Eb0cE3606eB48,575500680232236778598863,0,2264420022327035968758,0
18069639,1693909187,0x27c9f71cc31464b906e0006d4fcbc8900f48f15f00020000000000000000010f,0x311Cb5b8C61aC1d160E3D21a0390d9C1Fa64688E,0x43D4A3cd90ddD2F8f4f693170C9c8098163502ad,0xA0b86991c6218b36c1d19D4a2e9Eb0cE3606eB48,625000000000000000000000,750000000,596885825221665301756,0
18075646,1693981871,0x27c9f71cc31464b906e0006d4fcbc8900f48f15f00020000000000000000010f,0x311Cb5b8C61aC1d160E3D21a0390d9C1Fa64688E,0x43D4A3cd90ddD2F8f4f693170C9c8098163502ad,0xA0b86991c6218b36c1d19D4a2e9Eb0cE3606eB48,1473399244518642537220747,1000000000,643921557002089202871,0
18075768,1693983383,0x27c9f71cc31464b906e0006d4fcbc8900f48f15f00020000000000000000010f,0x5e92e51672787504A5f0B085CB6D069faE640520,0x43D4A3cd90ddD2F8f4f693170C9c8098163502ad,0xA0b86991c6218b36c1d19D4a2e9Eb0cE3606eB48,450000000000000000000000,0,306436969538205187586,0
18090155,1694157443,0x27c9f71cc31464b906e0006d4fcbc8900f48f15f00020000000000000000010f,0x5e92e51672787504A5f0B085CB6D069faE640520,0x43D4A3cd90ddD2F8f4f693170C9c8098163502ad,0xA0b86991c6218b36c1d19D4a2e9Eb0cE3606eB48,560101412277456313246182,1186000000,681927704073350624834,0
18122108,1694544179,0x27c9f71cc31464b906e0006d4fcbc8900f48f15f00020000000000000000010f,0xB188b1CB84Fb0bA13cb9ee1292769F903A9feC59,0x43D4A3cd90ddD2F8f4f693170C9c8098163502ad,0xA0b86991c6218b36c1d19D4a2e9Eb0cE3606eB48,51551440665414852683664,0,318884844519572348333,0
18147469,1694852195,0x27c9f71cc31464b906e0006d4fcbc8900f48f15f00020000000000000000010f,0x311Cb5b8C61aC1d160E3D21a0390d9C1Fa64688E,0x43D4A3cd90ddD2F8f4f693170C9c8098163502ad,0xA0b86991c6218b36c1d19D4a2e9Eb0cE3606eB48,135721970504850202495617,0,456461348340183133702,0
18150514,1694889395,0x27c9f71cc31464b906e0006d4fcbc8900f48f15f00020000000000000000010f,0x567d220B0169836cBF351DF70A9c517096ec9De7,0x43D4A3cd90ddD2F8f4f693170C9c8098163502ad,0xA0b86991c6218b36c1d19D4a2e9Eb0cE3606eB48,2200000000000000000000000,5000000000,168082109715422754537,0
18155564,1694951375,0x27c9f71cc31464b906e0006d4fcbc8900f48f15f00020000000000000000010f,0x2DF71A96c11c33EBBE35344B655DD31f44439170,0x43D4A3cd90ddD2F8f4f693170C9c8098163502ad,0xA0b86991c6218b36c1d19D4a2e9Eb0cE3606eB48,0,-2521165995,38849286693407037888,0
