blocknumber,timestamp,poolid,liquidityprovider,token1,token2,token1Weights,token2Weights,token1Address,token2Address,toke1Balance,token2Balance,bptBalance
17417988,1686012911,0x27c9f71cc31464b906e0006d4fcbc8900f48f15f00020000000000000000010f,,D2D,USDC,80,20,0x43D4A3cd90ddD2F8f4f693170C9c8098163502ad,0xA0b86991c6218b36c1d19D4a2e9Eb0cE3606eB48,13657745641767670645656153,84293405035,9635936720451752310975477
17425188,1686100559,0x27c9f71cc31464b906e0006d4fcbc8900f48f15f00020000000000000000010f,,D2D,USDC,80,20,0x43D4A3cd90ddD2F8f4f693170C9c8098163502ad,0xA0b86991c6218b36c1d19D4a2e9Eb0cE3606eB48,13657745641767670645656153,84293405035,9635936720451752310975477
17432388,1686188315,0x27c9f71cc31464b906e0006d4fcbc8900f48f15f00020000000000000000010f,,D2D,USDC,80,20,0x43D4A3cd90ddD2F8f4f693170C9c8098163502ad,0xA0b86991c6218b36c1d19D4a2e9Eb0cE3606eB48,13672176037359143619130763,85355692612,9668039691534259678538949
17439588,1686276179,0x27c9f71cc31464b906e0006d4fcbc8900f48f15f00020000000000000000010f,,D2D,USDC,80,20,0x43D4A3cd90ddD2F8f4f693170C9c8098163502ad,0xA0b86991c6218b36c1d19D4a2e9Eb0cE3606eB48,13618302390967164483623440,85302345109,9635936720451752310975477
17446788,1686363791,0x27c9f71cc31464b906e0006d4fcbc8900f48f15f00020000000000000000010f,,D2D,USDC,80,20,0x43D4A3cd90ddD2F8f4f693170C9c8098163502ad,0xA0b86991c6218b36c1d19D4a2e9Eb0cE3606eB48,13636368709975234898499022,84855684936,9635936720451752310975477
17453988,1686451403,0x27c9f71cc31464b906e0006d4fcbc8900f48f15f00020000000000000000010f,,D2D,USDC,80,20,0x43D4A3cd90ddD2F8f4f693170C9c8098163502ad,0xA0b86991c6218b36c1d19D4a2e9Eb0cE3606eB48,13661709634925825552635020,84234093354,9635936720451752310975477
17461188,1686538979,0x27c9f71cc31464b906e0006d4fcbc8900f48f15f00020000000000000000010f,,D2D,USDC,80,20,0x43D4A3cd90ddD2F8f4f693170C9c8098163502ad,0xA0b86991c6218b36c1d19D4a2e9Eb0cE3606eB48,13675302233096031629474268,83903029423,9635936720451752310975477
17468388,1686626639,0x27c9f71cc31464b906e0006d4fcbc8900f48f15f00020000000000000000010f,,D2D,USDC,80,20,0x43D4A3cd90ddD2F8f4f693170C9c8098163502ad,0xA0b86991c6218b36c1d19D4a2e9Eb0cE3606eB48,13675302233096031629474268,83903029423,9635936720451752310975477
17475588,1686714107,0x27c9f71cc31464b906e0006d4fcbc8900f48f15f00020000000000000000010f,,D2D,USDC,80,20,0x43D4A3cd90ddD2F8f4f693170C9c8098163502ad,0xA0b86991c6218b36c1d19D4a2e9Eb0cE3606eB48,13675302233096031629474268,83903029423,9635936720451752310975477
17482788,1686801707,0x27c9f71cc31464b906e0006d4fcbc8900f48f15f00020000000000000000010f,,D2D,USDC,80,20,0x43D4A3cd90ddD2F8f4f693170C9c8098163502ad,0xA0b86991c6218b36c1d19D4a2e9Eb0cE3606eB48,13707016251131188694164550,83136909665,9635936720451752310975477
17489988,1686889259,0x27c9f71cc31464b906e0006d4fcbc8900f48f15f00020000000000000000010f,,D2D,USDC,80,20,0x43D4A3cd90ddD2F8f4f693170C9c8098163502ad,0xA0b86991c6218b36c1d19D4a2e9Eb0cE3606eB48,13707016251131188694164550,83136909665,9635936720451752310975477
17497188,1686976571,0x27c9f71cc31464b906e0006d4fcbc8900f48f15f00020000000000000000010f,,D2D,USDC,80,20,0x43D4A3cd90ddD2F8f4f693170C9c8098163502ad,0xA0b86991c6218b36c1d19D4a2e9Eb0cE3606eB48,14064822855264288438913621,83136909665,9836499695227399936810388
17504388,1687063703,0x27c9f71cc31464b906e0006d4fcbc8900f48f15f00020000000000000000010f,,D2D,USDC,80,20,0x43D4A3cd90ddD2F8f4f693170C9c8098163502ad,0xA0b86991c6218b36c1d19D4a2e9Eb0cE3606eB48,14064822855264288438913621,83136909665,9836499695227399936810388
17511588,1687150967,0x27c9f71cc31464b906e0006d4fcbc8900f48f15f00020000000000000000010f,,D2D,USDC,80,20,0x43D4A3cd90ddD2F8f4f693170C9c8098163502ad,0xA0b86991c6218b36c1d19D4a2e9Eb0cE3606eB48,14064822855264288438913621,83136909665,9836499695227399936810388
17518788,1687238399,0x27c9f71cc31464b906e0006d4fcbc8900f48f15f00020000000000000000010f,,D2D,USDC,80,20,0x43D4A3cd90ddD2F8f4f693170C9c8098163502ad,0xA0b86991c6218b36c1d19D4a2e9Eb0cE3606eB48,14046916551215260338309140,83565926133,9836499695227399936810388
17525988,1687325663,0x27c9f71cc31464b906e0006d4fcbc8900f48f15f00020000000000000000010f,,D2D,USDC,80,20,0x43D4A3cd90ddD2F8f4f693170C9c8098163502ad,0xA0b86991c6218b36c1d19D4a2e9Eb0cE3606eB48,14031825044882508957411838,83929651033,9836499695227399936810388
17533188,1687412915,0x27c9f71cc31464b906e0006d4fcbc8900f48f15f00020000000000000000010f,,D2D,USDC,80,20,0x43D4A3cd90ddD2F8f4f693170C9c8098163502ad,0xA0b86991c6218b36c1d19D4a2e9Eb0cE3606eB48,14009329094685629008874472,84475500830,9836499695227399936810388
17540388,1687500347,0x27c9f71cc31464b906e0006d4fcbc8900f48f15f00020000000000000000010f,,D2D,USDC,80,20,0x43D4A3cd90ddD2F8f4f693170C9c8098163502ad,0xA0b86991c6218b36c1d19D4a2e9Eb0cE3606eB48,14024933351387641676200111,83766640987,9828690084168163040397239
17547588,1687587875,0x27c9f71cc31464b906e0006d4fcbc8900f48f15f00020000000000000000010f,,D2D,USDC,80,20,0x43D4A3cd90ddD2F8f4f693170C9c8098163502ad,0xA0b86991c6218b36c1d19D4a2e9Eb0cE3606eB48,14024933351387641676200111,83766640987,9828690084168163040397239
17554788,1687675367,0x27c9f71cc31464b906e0006d4fcbc8900f48f15f00020000000000000000010f,,D2D,USDC,80,20,0x43D4A3cd90ddD2F8f4f693170C9c8098163502ad,0xA0b86991c6218b36c1d19D4a2e9Eb0cE3606eB48,0,0,
17561988,1687762907,0x27c9f71cc31464b906e0006d4fcbc8900f48f15f00020000000000000000010f,,D2D,USDC,80,20,0x43D4A3cd90ddD2F8f4f693170C9c8098163502ad,0xA0b86991c6218b36c1d19D4a2e9Eb0cE3606eB48,14009339974856947874886147,84143990177,9828690084168163040397239
17569188,1687850411,0x27c9f71cc31464b906e0006d4fcbc8900f48f15f00020000000000000000010f,,D2D,USDC,80,20,0x43D4A3cd90ddD2F8f4f693170C9c8098163502ad,0xA0b86991c6218b36c1d19D4a2e9Eb0cE3606eB48,14009339974856947874886147,84143990177,9828690084168163040397239
17576388,1687937975,0x27c9f71cc31464b906e0006d4fcbc8900f48f15f00020000000000000000010f,,D2D,USDC,80,20,0x43D4A3cd90ddD2F8f4f693170C9c8098163502ad,0xA0b86991c6218b36c1d19D4a2e9Eb0cE3606eB48,14009339974856947874886147,84143990177,9828690084168163040397239
17583588,1688025131,0x27c9f71cc31464b906e0006d4fcbc8900f48f15f00020000000000000000010f,,D2D,USDC,80,20,0x43D4A3cd90ddD2F8f4f693170C9c8098163502ad,0xA0b86991c6218b36c1d19D4a2e9Eb0cE3606eB48,14009339974856947874886147,84143990177,9828690084168163040397239
17590788,1688112251,0x27c9f71cc31464b906e0006d4fcbc8900f48f15f00020000000000000000010f,,D2D,USDC,80,20,0x43D4A3cd90ddD2F8f4f693170C9c8098163502ad,0xA0b86991c6218b36c1d19D4a2e9Eb0cE3606eB48,14379154520680953916613381,75894079687,9828690084168163040397239
17597988,1688199659,0x27c9f71cc31464b906e0006d4fcbc8900f48f15f00020000000000000000010f,,D2D,USDC,80,20,0x43D4A3cd90ddD2F8f4f693170C9c8098163502ad,0xA0b86991c6218b36c1d19D4a2e9Eb0cE3606eB48,14399082385557814936833553,75491288840,9828690084168163040397239
17605188,1688287043,0x27c9f71cc31464b906e0006d4fcbc8900f48f15f00020000000000000000010f,,D2D,USDC,80,20,0x43D4A3cd90ddD2F8f4f693170C9c8098163502ad,0xA0b86991c6218b36c1d19D4a2e9Eb0cE3606eB48,14399082385557814936833553,75491288840,9828690084168163040397239
17612388,1688374535,0x27c9f71cc31464b906e0006d4fcbc8900f48f15f00020000000000000000010f,,D2D,USDC,80,20,0x43D4A3cd90ddD2F8f4f693170C9c8098163502ad,0xA0b86991c6218b36c1d19D4a2e9Eb0cE3606eB48,14217212606944991651575969,79481975612,9828690084168163040397239
17619588,1688461943,0x27c9f71cc31464b906e0006d4fcbc8900f48f15f00020000000000000000010f,,D2D,USDC,80,20,0x43D4A3cd90ddD2F8f4f693170C9c8098163502ad,0xA0b86991c6218b36c1d19D4a2e9Eb0cE3606eB48,14224826622663325285912993,79313635455,9828690084168163040397239
17626788,1688549291,0x27c9f71cc31464b906e0006d4fcbc8900f48f15f00020000000000000000010f,,D2D,USDC,80,20,0x43D4A3cd90ddD2F8f4f693170C9c8098163502ad,0xA0b86991c6218b36c1d19D4a2e9Eb0cE3606eB48,14224826622663325285912993,79313635455,9828690084168163040397239
17633988,1688636543,0x27c9f71cc31464b906e0006d4fcbc8900f48f15f00020000000000000000010f,,D2D,USDC,80,20,0x43D4A3cd90ddD2F8f4f693170C9c8098163502ad,0xA0b86991c6218b36c1d19D4a2e9Eb0cE3606eB48,14224826622663325285912993,79313635455,9828690084168163040397239
17641188,1688723939,0x27c9f71cc31464b906e0006d4fcbc8900f48f15f00020000000000000000010f,,D2D,USDC,80,20,0x43D4A3cd90ddD2F8f4f693170C9c8098163502ad,0xA0b86991c6218b36c1d19D4a2e9Eb0cE3606eB48,14224826622663325285912993,79313635455,9828690084168163040397239
17648388,1688811335,0x27c9f71cc31464b906e0006d4fcbc8900f48f15f00020000000000000000010f,,D2D,USDC,80,20,0x43D4A3cd90ddD2F8f4f693170C9c8098163502ad,0xA0b86991c6218b36c1d19D4a2e9Eb0cE3606eB48,14241601461603544991857202,78944328096,9828690084168163040397239
17655588,1688898887,0x27c9f71cc31464b906e0006d4fcbc8900f48f15f00020000000000000000010f,,D2D,USDC,80,20,0x43D4A3cd90ddD2F8f4f693170C9c8098163502ad,0xA0b86991c6218b36c1d19D4a2e9Eb0cE3606eB48,14184681356773274528882478,80238292769,9828690084168163040397239
17662788,1688986367,0x27c9f71cc31464b906e0006d4fcbc8900f48f15f00020000000000000000010f,,D2D,USDC,80,20,0x43D4A3cd90ddD2F8f4f693170C9c8098163502ad,0xA0b86991c6218b36c1d19D4a2e9Eb0cE3606eB48,14181440696224852410585383,80312401355,9828690084168163040397239
17669988,1689073859,0x27c9f71cc31464b906e0006d4fcbc8900f48f15f00020000000000000000010f,,D2D,USDC,80,20,0x43D4A3cd90ddD2F8f4f693170C9c8098163502ad,0xA0b86991c6218b36c1d19D4a2e9Eb0cE3606eB48,14181440696224852410585383,80312401355,9828690084168163040397239
17677188,1689161351,0x27c9f71cc31464b906e0006d4fcbc8900f48f15f00020000000000000000010f,,D2D,USDC,80,20,0x43D4A3cd90ddD2F8f4f693170C9c8098163502ad,0xA0b86991c6218b36c1d19D4a2e9Eb0cE3606eB48,14109160163716931434196826,81987674303,9828690084168163040397239
17684388,1689248987,0x27c9f71cc31464b906e0006d4fcbc8900f48f15f00020000000000000000010f,,D2D,USDC,80,20,0x43D4A3cd90ddD2F8f4f693170C9c8098163502ad,0xA0b86991c6218b36c1d19D4a2e9Eb0cE3606eB48,14109160163716931434196826,81987674303,9828690084168163040397239
17691588,1689336335,0x27c9f71cc31464b906e0006d4fcbc8900f48f15f00020000000000000000010f,,D2D,USDC,80,20,0x43D4A3cd90ddD2F8f4f693170C9c8098163502ad,0xA0b86991c6218b36c1d19D4a2e9Eb0cE3606eB48,14109160163716931434196826,81987674303,9828690084168163040397239
17698788,1689424175,0x27c9f71cc31464b906e0006d4fcbc8900f48f15f00020000000000000000010f,,D2D,USDC,80,20,0x43D4A3cd90ddD2F8f4f693170C9c8098163502ad,0xA0b86991c6218b36c1d19D4a2e9Eb0cE3606eB48,14062319053499917004400264,83096663930,9828690084168163040397239
17705988,1689512195,0x27c9f71cc31464b906e0006d4fcbc8900f48f15f00020000000000000000010f,,D2D,USDC,80,20,0x43D4A3cd90ddD2F8f4f693170C9c8098163502ad,0xA0b86991c6218b36c1d19D4a2e9Eb0cE3606eB48,14108407341934101019060234,83346663930,9862991028323846272861221
17713188,1689599423,0x27c9f71cc31464b906e0006d4fcbc8900f48f15f00020000000000000000010f,,D2D,USDC,80,20,0x43D4A3cd90ddD2F8f4f693170C9c8098163502ad,0xA0b86991c6218b36c1d19D4a2e9Eb0cE3606eB48,14108407341934101019060234,83346663930,9862991028323846272861221
17720388,1689686615,0x27c9f71cc31464b906e0006d4fcbc8900f48f15f00020000000000000000010f,,D2D,USDC,80,20,0x43D4A3cd90ddD2F8f4f693170C9c8098163502ad,0xA0b86991c6218b36c1d19D4a2e9Eb0cE3606eB48,14108407341934101019060234,83346663930,9862991028323846272861221
17727588,1689774035,0x27c9f71cc31464b906e0006d4fcbc8900f48f15f00020000000000000000010f,,D2D,USDC,80,20,0x43D4A3cd90ddD2F8f4f693170C9c8098163502ad,0xA0b86991c6218b36c1d19D4a2e9Eb0cE3606eB48,14109786490413534380472330,83314407866,9862991028323846272861221
17734788,1689861083,0x27c9f71cc31464b906e0006d4fcbc8900f48f15f00020000000000000000010f,,D2D,USDC,80,20,0x43D4A3cd90ddD2F8f4f693170C9c8098163502ad,0xA0b86991c6218b36c1d19D4a2e9Eb0cE3606eB48,14137023733234352487809154,82680558524,9862991028323846272861221
17741988,1689948227,0x27c9f71cc31464b906e0006d4fcbc8900f48f15f00020000000000000000010f,,D2D,USDC,80,20,0x43D4A3cd90ddD2F8f4f693170C9c8098163502ad,0xA0b86991c6218b36c1d19D4a2e9Eb0cE3606eB48,14137023733234352487809154,82680558524,9862991028323846272861221
17749188,1690035191,0x27c9f71cc31464b906e0006d4fcbc8900f48f15f00020000000000000000010f,,D2D,USDC,80,20,0x43D4A3cd90ddD2F8f4f693170C9c8098163502ad,0xA0b86991c6218b36c1d19D4a2e9Eb0cE3606eB48,14524835262934539120783934,86458647809,10168990309034150094223118
17756388,1690122227,0x27c9f71cc31464b906e0006d4fcbc8900f48f15f00020000000000000000010f,,D2D,USDC,80,20,0x43D4A3cd90ddD2F8f4f693170C9c8098163502ad,0xA0b86991c6218b36c1d19D4a2e9Eb0cE3606eB48,14524835262934539120783934,86458647809,10168990309034150094223118
17763588,1690209263,0x27c9f71cc31464b906e0006d4fcbc8900f48f15f00020000000000000000010f,,D2D,USDC,80,20,0x43D4A3cd90ddD2F8f4f693170C9c8098163502ad,0xA0b86991c6218b36c1d19D4a2e9Eb0cE3606eB48,14524835262934539120783934,86458647809,10168990309034150094223118
17770788,1690296275,0x27c9f71cc31464b906e0006d4fcbc8900f48f15f00020000000000000000010f,,D2D,USDC,80,20,0x43D4A3cd90ddD2F8f4f693170C9c8098163502ad,0xA0b86991c6218b36c1d19D4a2e9Eb0cE3606eB48,14974520612900384996915153,88924322423,10478991661455678124150033
17777988,1690383395,0x27c9f71cc31464b906e0006d4fcbc8900f48f15f00020000000000000000010f,,D2D,USDC,80,20,0x43D4A3cd90ddD2F8f4f693170C9c8098163502ad,0xA0b86991c6218b36c1d19D4a2e9Eb0cE3606eB48,14974520612900384996915153,88924322423,10478991661455678124150033
17785188,1690470383,0x27c9f71cc31464b906e0006d4fcbc8900f48f15f00020000000000000000010f,,D2D,USDC,80,20,0x43D4A3cd90ddD2F8f4f693170C9c8098163502ad,0xA0b86991c6218b36c1d19D4a2e9Eb0cE3606eB48,14974520612900384996915153,88924322423,10478991661455678124150033
17792388,1690557419,0x27c9f71cc31464b906e0006d4fcbc8900f48f15f00020000000000000000010f,,D2D,USDC,80,20,0x43D4A3cd90ddD2F8f4f693170C9c8098163502ad,0xA0b86991c6218b36c1d19D4a2e9Eb0cE3606eB48,14974520612900384996915153,88924322423,10478991661455678124150033
17799588,1690644503,0x27c9f71cc31464b906e0006d4fcbc8900f48f15f00020000000000000000010f,,D2D,USDC,80,20,0x43D4A3cd90ddD2F8f4f693170C9c8098163502ad,0xA0b86991c6218b36c1d19D4a2e9Eb0cE3606eB48,14974520612900384996915153,88924322423,10478991661455678124150033
17806788,1690731491,0x27c9f71cc31464b906e0006d4fcbc8900f48f15f00020000000000000000010f,,D2D,USDC,80,20,0x43D4A3cd90ddD2F8f4f693170C9c8098163502ad,0xA0b86991c6218b36c1d19D4a2e9Eb0cE3606eB48,14974520612900384996915153,88924322423,10478991661455678124150033
17813988,1690818539,0x27c9f71cc31464b906e0006d4fcbc8900f48f15f00020000000000000000010f,,D2D,USDC,80,20,0x43D4A3cd90ddD2F8f4f693170C9c8098163502ad,0xA0b86991c6218b36c1d19D4a2e9Eb0cE3606eB48,14977260062620093700064728,88859930775,10478991661455678124150033
17821188,1690905395,0x27c9f71cc31464b906e0006d4fcbc8900f48f15f00020000000000000000010f,,D2D,USDC,80,20,0x43D4A3cd90ddD2F8f4f693170C9c8098163502ad,0xA0b86991c6218b36c1d19D4a2e9Eb0cE3606eB48,14997360988088817351433043,87181466218,10450026863582719733821945
17828388,1690992311,0x27c9f71cc31464b906e0006d4fcbc8900f48f15f00020000000000000000010f,,D2D,USDC,80,20,0x43D4A3cd90ddD2F8f4f693170C9c8098163502ad,0xA0b86991c6218b36c1d19D4a2e9Eb0cE3606eB48,14997360988088817351433043,87181466218,10450026863582719733821945
17835588,1691079215,0x27c9f71cc31464b906e0006d4fcbc8900f48f15f00020000000000000000010f,,D2D,USDC,80,20,0x43D4A3cd90ddD2F8f4f693170C9c8098163502ad,0xA0b86991c6218b36c1d19D4a2e9Eb0cE3606eB48,15007350555814889336542312,86951885403,10450026863582719733821945
17842788,1691166251,0x27c9f71cc31464b906e0006d4fcbc8900f48f15f00020000000000000000010f,,D2D,USDC,80,20,0x43D4A3cd90ddD2F8f4f693170C9c8098163502ad,0xA0b86991c6218b36c1d19D4a2e9Eb0cE3606eB48,15007350555814889336542312,86951885403,10450026863582719733821945
17849988,1691253215,0x27c9f71cc31464b906e0006d4fcbc8900f48f15f00020000000000000000010f,,D2D,USDC,80,20,0x43D4A3cd90ddD2F8f4f693170C9c8098163502ad,0xA0b86991c6218b36c1d19D4a2e9Eb0cE3606eB48,15007350555814889336542312,86951885403,10450026863582719733821945
17857188,1691340287,0x27c9f71cc31464b906e0006d4fcbc8900f48f15f00020000000000000000010f,,D2D,USDC,80,20,0x43D4A3cd90ddD2F8f4f693170C9c8098163502ad,0xA0b86991c6218b36c1d19D4a2e9Eb0cE3606eB48,15007300607938929505432145,86704300921,10444020946252550235957909
17864388,1691427431,0x27c9f71cc31464b906e0006d4fcbc8900f48f15f00020000000000000000010f,,D2D,USDC,80,20,0x43D4A3cd90ddD2F8f4f693170C9c8098163502ad,0xA0b86991c6218b36c1d19D4a2e9Eb0cE3606eB48,15013777318788997926122065,86556279689,10444020946252550235957909
17871588,1691514455,0x27c9f71cc31464b906e0006d4fcbc8900f48f15f00020000000000000000010f,,D2D,USDC,80,20,0x43D4A3cd90ddD2F8f4f693170C9c8098163502ad,0xA0b86991c6218b36c1d19D4a2e9Eb0cE3606eB48,15267400423812948509677609,81000327500,10444020946252550235957909
17878788,1691601587,0x27c9f71cc31464b906e0006d4fcbc8900f48f15f00020000000000000000010f,,D2D,USDC,80,20,0x43D4A3cd90ddD2F8f4f693170C9c8098163502ad,0xA0b86991c6218b36c1d19D4a2e9Eb0cE3606eB48,15172665662978591596802898,83063072281,10444020946252550235957909
17885988,1691688623,0x27c9f71cc31464b906e0006d4fcbc8900f48f15f00020000000000000000010f,,D2D,USDC,80,20,0x43D4A3cd90ddD2F8f4f693170C9c8098163502ad,0xA0b86991c6218b36c1d19D4a2e9Eb0cE3606eB48,14520750520122818288590878,77228825168,9938345037117394542999092
17893188,1691775527,0x27c9f71cc31464b906e0006d4fcbc8900f48f15f00020000000000000000010f,,D2D,USDC,80,20,0x43D4A3cd90ddD2F8f4f693170C9c8098163502ad,0xA0b86991c6218b36c1d19D4a2e9Eb0cE3606eB48,14520750520122818288590878,77228825168,9938345037117394542999092
17900388,1691862719,0x27c9f71cc31464b906e0006d4fcbc8900f48f15f00020000000000000000010f,,D2D,USDC,80,20,0x43D4A3cd90ddD2F8f4f693170C9c8098163502ad,0xA0b86991c6218b36c1d19D4a2e9Eb0cE3606eB48,14520750520122818288590878,77228825168,9938345037117394542999092
17907588,1691949611,0x27c9f71cc31464b906e0006d4fcbc8900f48f15f00020000000000000000010f,,D2D,USDC,80,20,0x43D4A3cd90ddD2F8f4f693170C9c8098163502ad,0xA0b86991c6218b36c1d19D4a2e9Eb0cE3606eB48,14520750520122818288590878,77228825168,9938345037117394542999092
17914788,1692036599,0x27c9f71cc31464b906e0006d4fcbc8900f48f15f00020000000000000000010f,,D2D,USDC,80,20,0x43D4A3cd90ddD2F8f4f693170C9c8098163502ad,0xA0b86991c6218b36c1d19D4a2e9Eb0cE3606eB48,14520750520122818288590878,77228825168,9938345037117394542999092
17921988,1692123647,0x27c9f71cc31464b906e0006d4fcbc8900f48f15f00020000000000000000010f,,D2D,USDC,80,20,0x43D4A3cd90ddD2F8f4f693170C9c8098163502ad,0xA0b86991c6218b36c1d19D4a2e9Eb0cE3606eB48,14520750520122818288590878,77228825168,9938345037117394542999092
17929188,1692210659,0x27c9f71cc31464b906e0006d4fcbc8900f48f15f00020000000000000000010f,,D2D,USDC,80,20,0x43D4A3cd90ddD2F8f4f693170C9c8098163502ad,0xA0b86991c6218b36c1d19D4a2e9Eb0cE3606eB48,14528757895546945616761950,77060409207,9938345037117394542999092
17936388,1692297683,0x27c9f71cc31464b906e0006d4fcbc8900f48f15f00020000000000000000010f,,D2D,USDC,80,20,0x43D4A3cd90ddD2F8f4f693170C9c8098163502ad,0xA0b86991c6218b36c1d19D4a2e9Eb0cE3606eB48,14528757895546945616761950,77060409207,9938345037117394542999092
17943588,1692384863,0x27c9f71cc31464b906e0006d4fcbc8900f48f15f00020000000000000000010f,,D2D,USDC,80,20,0x43D4A3cd90ddD2F8f4f693170C9c8098163502ad,0xA0b86991c6218b36c1d19D4a2e9Eb0cE3606eB48,7942119720164913393345470,35529923849,5249472422486755312769215
17950788,1692471923,0x27c9f71cc31464b906e0006d4fcbc8900f48f15f00020000000000000000010f,,D2D,USDC,80,20,0x43D4A3cd90ddD2F8f4f693170C9c8098163502ad,0xA0b86991c6218b36c1d19D4a2e9Eb0cE3606eB48,7932085865498876985147958,35711861860,5249472422486755312769215
17957988,1692559043,0x27c9f71cc31464b906e0006d4fcbc8900f48f15f00020000000000000000010f,,D2D,USDC,80,20,0x43D4A3cd90ddD2F8f4f693170C9c8098163502ad,0xA0b86991c6218b36c1d19D4a2e9Eb0cE3606eB48,7932085865498876985147958,35711861860,5249472422486755312769215
17965188,1692646127,0x27c9f71cc31464b906e0006d4fcbc8900f48f15f00020000000000000000010f,,D2D,USDC,80,20,0x43D4A3cd90ddD2F8f4f693170C9c8098163502ad,0xA0b86991c6218b36c1d19D4a2e9Eb0cE3606eB48,7932085865498876985147958,35711861860,5249472422486755312769215
17972388,1692733079,0x27c9f71cc31464b906e0006d4fcbc8900f48f15f00020000000000000000010f,,D2D,USDC,80,20,0x43D4A3cd90ddD2F8f4f693170C9c8098163502ad,0xA0b86991c6218b36c1d19D4a2e9Eb0cE3606eB48,7932085865498876985147958,35711861860,5249472422486755312769215
17979588,1692820007,0x27c9f71cc31464b906e0006d4fcbc8900f48f15f00020000000000000000010f,,D2D,USDC,80,20,0x43D4A3cd90ddD2F8f4f693170C9c8098163502ad,0xA0b86991c6218b36c1d19D4a2e9Eb0cE3606eB48,8430359953100194072449469,36246977726,5527885994377283862206132
17986788,1692907055,0x27c9f71cc31464b906e0006d4fcbc8900f48f15f00020000000000000000010f,,D2D,USDC,80,20,0x43D4A3cd90ddD2F8f4f693170C9c8098163502ad,0xA0b86991c6218b36c1d19D4a2e9Eb0cE3606eB48,8430359953100194072449469,36246977726,5527885994377283862206132
17993988,1692994091,0x27c9f71cc31464b906e0006d4fcbc8900f48f15f00020000000000000000010f,,D2D,USDC,80,20,0x43D4A3cd90ddD2F8f4f693170C9c8098163502ad,0xA0b86991c6218b36c1d19D4a2e9Eb0cE3606eB48,8986318723677483326088620,35638176704,5797570317710348504257023
18001188,1693081223,0x27c9f71cc31464b906e0006d4fcbc8900f48f15f00020000000000000000010f,,D2D,USDC,80,20,0x43D4A3cd90ddD2F8f4f693170C9c8098163502ad,0xA0b86991c6218b36c1d19D4a2e9Eb0cE3606eB48,8967350781630389706892400,35943720894,5797570317710348504257023
18008388,1693168199,0x27c9f71cc31464b906e0006d4fcbc8900f48f15f00020000000000000000010f,,D2D,USDC,80,20,0x43D4A3cd90ddD2F8f4f693170C9c8098163502ad,0xA0b86991c6218b36c1d19D4a2e9Eb0cE3606eB48,8967350781630389706892400,35943720894,5797570317710348504257023
18015588,1693255307,0x27c9f71cc31464b906e0006d4fcbc8900f48f15f00020000000000000000010f,,D2D,USDC,80,20,0x43D4A3cd90ddD2F8f4f693170C9c8098163502ad,0xA0b86991c6218b36c1d19D4a2e9Eb0cE3606eB48,8959341578581960751884530,36073720894,5797570317710348504257023
18022788,1693342511,0x27c9f71cc31464b906e0006d4fcbc8900f48f15f00020000000000000000010f,,D2D,USDC,80,20,0x43D4A3cd90ddD2F8f4f693170C9c8098163502ad,0xA0b86991c6218b36c1d19D4a2e9Eb0cE3606eB48,8973087479443701809419444,35864552246,5797570317710348504257023
18029988,1693429655,0x27c9f71cc31464b906e0006d4fcbc8900f48f15f00020000000000000000010f,,D2D,USDC,80,20,0x43D4A3cd90ddD2F8f4f693170C9c8098163502ad,0xA0b86991c6218b36c1d19D4a2e9Eb0cE3606eB48,9290228366686745416109683,31258372445,5797570317710348504257023
18037188,1693516727,0x27c9f71cc31464b906e0006d4fcbc8900f48f15f00020000000000000000010f,,D2D,USDC,80,20,0x43D4A3cd90ddD2F8f4f693170C9c8098163502ad,0xA0b86991c6218b36c1d19D4a2e9Eb0cE3606eB48,9790218625257854742218824,32209102021,6082369380359429817693093
18044388,1693603811,0x27c9f71cc31464b906e0006d4fcbc8900f48f15f00020000000000000000010f,,D2D,USDC,80,20,0x43D4A3cd90ddD2F8f4f693170C9c8098163502ad,0xA0b86991c6218b36c1d19D4a2e9Eb0cE3606eB48,9790218625257854742218824,32209102021,6082369380359429817693093
18051588,1693691171,0x27c9f71cc31464b906e0006d4fcbc8900f48f15f00020000000000000000010f,,D2D,USDC,80,20,0x43D4A3cd90ddD2F8f4f693170C9c8098163502ad,0xA0b86991c6218b36c1d19D4a2e9Eb0cE3606eB48,9790218625257854742218824,32209102021,6082369380359429817693093
18058788,1693778243,0x27c9f71cc31464b906e0006d4fcbc8900f48f15f00020000000000000000010f,,D2D,USDC,80,20,0x43D4A3cd90ddD2F8f4f693170C9c8098163502ad,0xA0b86991c6218b36c1d19D4a2e9Eb0cE3606eB48,9790218625257854742218824,32209102021,6082369380359429817693093
18065988,1693865135,0x27c9f71cc31464b906e0006d4fcbc8900f48f15f00020000000000000000010f,,D2D,USDC,80,20,0x43D4A3cd90ddD2F8f4f693170C9c8098163502ad,0xA0b86991c6218b36c1d19D4a2e9Eb0cE3606eB48,9824731459222787868559205,31763363870,6082369380359429817693093
18073188,1693952207,0x27c9f71cc31464b906e0006d4fcbc8900f48f15f00020000000000000000010f,,D2D,USDC,80,20,0x43D4A3cd90ddD2F8f4f693170C9c8098163502ad,0xA0b86991c6218b36c1d19D4a2e9Eb0cE3606eB48,10580188545205061326685928,30946393732,6419475672717590300232273
18080388,1694039411,0x27c9f71cc31464b906e0006d4fcbc8900f48f15f00020000000000000000010f,,D2D,USDC,80,20,0x43D4A3cd90ddD2F8f4f693170C9c8098163502ad,0xA0b86991c6218b36c1d19D4a2e9Eb0cE3606eB48,12318698643710554423686051,33942957080,7383668560884259466777303
18087588,1694126399,0x27c9f71cc31464b906e0006d4fcbc8900f48f15f00020000000000000000010f,,D2D,USDC,80,20,0x43D4A3cd90ddD2F8f4f693170C9c8098163502ad,0xA0b86991c6218b36c1d19D4a2e9Eb0cE3606eB48,12333262131009205380420570,33784513089,7383668560884259466777303
18094788,1694213519,0x27c9f71cc31464b906e0006d4fcbc8900f48f15f00020000000000000000010f,,D2D,USDC,80,20,0x43D4A3cd90ddD2F8f4f693170C9c8098163502ad,0xA0b86991c6218b36c1d19D4a2e9Eb0cE3606eB48,12891841424379650110227650,34979722513,7703598773405897602878723
18101988,1694300651,0x27c9f71cc31464b906e0006d4fcbc8900f48f15f00020000000000000000010f,,D2D,USDC,80,20,0x43D4A3cd90ddD2F8f4f693170C9c8098163502ad,0xA0b86991c6218b36c1d19D4a2e9Eb0cE3606eB48,12891841424379650110227650,34979722513,7703598773405897602878723
18109188,1694387819,0x27c9f71cc31464b906e0006d4fcbc8900f48f15f00020000000000000000010f,,D2D,USDC,80,20,0x43D4A3cd90ddD2F8f4f693170C9c8098163502ad,0xA0b86991c6218b36c1d19D4a2e9Eb0cE3606eB48,12891841424379650110227650,34979722513,7703598773405897602878723
18116388,1694474903,0x27c9f71cc31464b906e0006d4fcbc8900f48f15f00020000000000000000010f,,D2D,USDC,80,20,0x43D4A3cd90ddD2F8f4f693170C9c8098163502ad,0xA0b86991c6218b36c1d19D4a2e9Eb0cE3606eB48,12948683919704202031643841,34375571269,7703598773405897602878723
18123588,1694562119,0x27c9f71cc31464b906e0006d4fcbc8900f48f15f00020000000000000000010f,,D2D,USDC,80,20,0x43D4A3cd90ddD2F8f4f693170C9c8098163502ad,0xA0b86991c6218b36c1d19D4a2e9Eb0cE3606eB48,13005969678441664846528484,34312008559,7728064878428133265371395
18130788,1694649359,0x27c9f71cc31464b906e0006d4fcbc8900f48f15f00020000000000000000010f,,D2D,USDC,80,20,0x43D4A3cd90ddD2F8f4f693170C9c8098163502ad,0xA0b86991c6218b36c1d19D4a2e9Eb0cE3606eB48,13005969678441664846528484,34312008559,7728064878428133265371395
18137988,1694736719,0x27c9f71cc31464b906e0006d4fcbc8900f48f15f00020000000000000000010f,,D2D,USDC,80,20,0x43D4A3cd90ddD2F8f4f693170C9c8098163502ad,0xA0b86991c6218b36c1d19D4a2e9Eb0cE3606eB48,13005969678441664846528484,34312008559,7728064878428133265371395
18145188,1694824439,0x27c9f71cc31464b906e0006d4fcbc8900f48f15f00020000000000000000010f,,D2D,USDC,80,20,0x43D4A3cd90ddD2F8f4f693170C9c8098163502ad,0xA0b86991c6218b36c1d19D4a2e9Eb0cE3606eB48,13005969678441664846528484,34312008559,7728064878428133265371395
18152388,1694912375,0x27c9f71cc31464b906e0006d4fcbc8900f48f15f00020000000000000000010f,,D2D,USDC,80,20,0x43D4A3cd90ddD2F8f4f693170C9c8098163502ad,0xA0b86991c6218b36c1d19D4a2e9Eb0cE3606eB48,15215559106118812089194913,40678962714,9064220876674188717614265
18159588,1695000659,0x27c9f71cc31464b906e0006d4fcbc8900f48f15f00020000000000000000010f,,D2D,USDC,80,20,0x43D4A3cd90ddD2F8f4f693170C9c8098163502ad,0xA0b86991c6218b36c1d19D4a2e9Eb0cE3606eB48,15074920977208312593315169,39619415076,8947777062622601138835145
18166788,1695088091,0x27c9f71cc31464b906e0006d4fcbc8900f48f15f00020000000000000000010f,,D2D,USDC,80,20,0x43D4A3cd90ddD2F8f4f693170C9c8098163502ad,0xA0b86991c6218b36c1d19D4a2e9Eb0cE3606eB48,15074920977208312593315169,39619415076,8947777062622601138835145
18173988,1695175211,0x27c9f71cc31464b906e0006d4fcbc8900f48f15f00020000000000000000010f,,D2D,USDC,80,20,0x43D4A3cd90ddD2F8f4f693170C9c8098163502ad,0xA0b86991c6218b36c1d19D4a2e9Eb0cE3606eB48,15230708792034050261838855,38043133686,8947777062622601138835145
18181188,1695262199,0x27c9f71cc31464b906e0006d4fcbc8900f48f15f00020000000000000000010f,,D2D,USDC,80,20,0x43D4A3cd90ddD2F8f4f693170C9c8098163502ad,0xA0b86991c6218b36c1d19D4a2e9Eb0cE3606eB48,15230708792034050261838855,38043133686,8947777062622601138835145
18188388,1695349367,0x27c9f71cc31464b906e0006d4fcbc8900f48f15f00020000000000000000010f,,D2D,USDC,80,20,0x43D4A3cd90ddD2F8f4f693170C9c8098163502ad,0xA0b86991c6218b36c1d19D4a2e9Eb0cE3606eB48,15145328422870890354507357,38923909316,8947777062622601138835145
18195588,1695436691,0x27c9f71cc31464b906e0006d4fcbc8900f48f15f00020000000000000000010f,,D2D,USDC,80,20,0x43D4A3cd90ddD2F8f4f693170C9c8098163502ad,0xA0b86991c6218b36c1d19D4a2e9Eb0cE3606eB48,15145328422870890354507357,38923909316,8947777062622601138835145
18202788,1695523727,0x27c9f71cc31464b906e0006d4fcbc8900f48f15f00020000000000000000010f,,D2D,USDC,80,20,0x43D4A3cd90ddD2F8f4f693170C9c8098163502ad,0xA0b86991c6218b36c1d19D4a2e9Eb0cE3606eB48,15150483420335848422365533,38871585776,8947777062622601138835145
18209988,1695610847,0x27c9f71cc31464b906e0006d4fcbc8900f48f15f00020000000000000000010f,,D2D,USDC,80,20,0x43D4A3cd90ddD2F8f4f693170C9c8098163502ad,0xA0b86991c6218b36c1d19D4a2e9Eb0cE3606eB48,15150483420335848422365533,38871585776,8947777062622601138835145
18217188,1695697871,0x27c9f71cc31464b906e0006d4fcbc8900f48f15f00020000000000000000010f,,D2D,USDC,80,20,0x43D4A3cd90ddD2F8f4f693170C9c8098163502ad,0xA0b86991c6218b36c1d19D4a2e9Eb0cE3606eB48,15088092461655481225644582,39529661063,8947777062622601138835145
18224388,1695784919,0x27c9f71cc31464b906e0006d4fcbc8900f48f15f00020000000000000000010f,,D2D,USDC,80,20,0x43D4A3cd90ddD2F8f4f693170C9c8098163502ad,0xA0b86991c6218b36c1d19D4a2e9Eb0cE3606eB48,15035741229642064616656016,40088668353,8947777062622601138835145
18231588,1695871967,0x27c9f71cc31464b906e0006d4fcbc8900f48f15f00020000000000000000010f,,D2D,USDC,80,20,0x43D4A3cd90ddD2F8f4f693170C9c8098163502ad,0xA0b86991c6218b36c1d19D4a2e9Eb0cE3606eB48,15035741229642064616656016,40088668353,8947777062622601138835145
18238788,1695959195,0x27c9f71cc31464b906e0006d4fcbc8900f48f15f00020000000000000000010f,,D2D,USDC,80,20,0x43D4A3cd90ddD2F8f4f693170C9c8098163502ad,0xA0b86991c6218b36c1d19D4a2e9Eb0cE3606eB48,14994038418477907106620420,40555866646,8947777062622601138835145
18245988,1696046279,0x27c9f71cc31464b906e0006d4fcbc8900f48f15f00020000000000000000010f,,D2D,USDC,80,20,0x43D4A3cd90ddD2F8f4f693170C9c8098163502ad,0xA0b86991c6218b36c1d19D4a2e9Eb0cE3606eB48,14948659257950582745025450,41055567115,8947777062622601138835145
18253188,1696133147,0x27c9f71cc31464b906e0006d4fcbc8900f48f15f00020000000000000000010f,,D2D,USDC,80,20,0x43D4A3cd90ddD2F8f4f693170C9c8098163502ad,0xA0b86991c6218b36c1d19D4a2e9Eb0cE3606eB48,15631056641979413074406047,39794956022,9217093715842626057045966
18260388,1696220051,0x27c9f71cc31464b906e0006d4fcbc8900f48f15f00020000000000000000010f,,D2D,USDC,80,20,0x43D4A3cd90ddD2F8f4f693170C9c8098163502ad,0xA0b86991c6218b36c1d19D4a2e9Eb0cE3606eB48,15609538881982760162645338,40017060708,9217093715842626057045966
18267588,1696306859,0x27c9f71cc31464b906e0006d4fcbc8900f48f15f00020000000000000000010f,,D2D,USDC,80,20,0x43D4A3cd90ddD2F8f4f693170C9c8098163502ad,0xA0b86991c6218b36c1d19D4a2e9Eb0cE3606eB48,15705706017522573124471214,39055481595,9217093715842626057045966
18274788,1696393919,0x27c9f71cc31464b906e0006d4fcbc8900f48f15f00020000000000000000010f,,D2D,USDC,80,20,0x43D4A3cd90ddD2F8f4f693170C9c8098163502ad,0xA0b86991c6218b36c1d19D4a2e9Eb0cE3606eB48,15773713975134117378594177,38430429417,9217093715842626057045966
