timeOpen,timeClose,timeHigh,timeLow,open,high,low,close,volume,marketCap,timestamp
"2023-09-28T00:00:00.000Z","2023-09-28T23:59:59.999Z","2023-09-28T18:12:00.000Z","2023-09-28T00:08:00.000Z",1822.9592656597,1898.3190578289,1822.8915592461,1882.3705685443,13626751.55,0,"2023-09-28T23:59:59.999Z"
"2023-09-27T00:00:00.000Z","2023-09-27T23:59:59.999Z","2023-09-27T12:13:00.000Z","2023-09-27T18:09:00.000Z",1815.6252351281,1857.1824144269,1809.5291429154,1822.9259231347,13245276.69,0,"2023-09-27T23:59:59.999Z"
"2023-09-26T00:00:00.000Z","2023-09-26T23:59:59.999Z","2023-09-26T09:49:00.000Z","2023-09-26T15:49:00.000Z",1811.6313880165,1820.4368734257,1803.6410964096,1815.6848289987,8245796.2,0,"2023-09-26T23:59:59.999Z"
"2023-09-25T00:00:00.000Z","2023-09-25T23:59:59.999Z","2023-09-25T20:17:00.000Z","2023-09-25T12:20:00.000Z",1802.4613254245,1818.9257967075,1788.3984371696,1811.425332986,10101935.45,0,"2023-09-25T23:59:59.999Z"
"2023-09-24T00:00:00.000Z","2023-09-24T23:59:59.999Z","2023-09-24T18:10:00.000Z","2023-09-24T23:30:00.000Z",1817.2452937113,1827.0481385908,1798.6548428805,1802.4736161216,7769635.57,0,"2023-09-24T23:59:59.999Z"
"2023-09-23T00:00:00.000Z","2023-09-23T23:59:59.999Z","2023-09-23T00:14:00.000Z","2023-09-23T12:25:00.000Z",1818.2212517491,1822.5440676056,1810.7595023884,1817.2781734676,9055567.87,0,"2023-09-23T23:59:59.999Z"
"2023-09-22T00:00:00.000Z","2023-09-22T23:59:59.999Z","2023-09-22T19:27:00.000Z","2023-09-22T00:29:00.000Z",1804.6652480202,1824.0627829761,1800.6826230622,1818.2220914715,7408350.92,0,"2023-09-22T23:59:59.999Z"
"2023-09-21T00:00:00.000Z","2023-09-21T23:59:59.999Z","2023-09-21T00:50:00.000Z","2023-09-21T13:36:00.000Z",1851.8606859229,1854.4671610753,1798.0469759268,1804.6715783299,13880318.82,0,"2023-09-21T23:59:59.999Z"
"2023-09-20T00:00:00.000Z","2023-09-20T23:59:59.999Z","2023-09-20T01:57:00.000Z","2023-09-20T19:22:00.000Z",1874.6905020808,1880.7021582584,1841.7931256503,1851.7889596591,4862264.3,0,"2023-09-20T23:59:59.999Z"
"2023-09-19T00:00:00.000Z","2023-09-19T23:59:59.999Z","2023-09-19T16:14:00.000Z","2023-09-19T00:51:00.000Z",1866.6123859952,1891.3697569988,1858.9744006404,1874.6940260154,13944186.29,0,"2023-09-19T23:59:59.999Z"
"2023-09-18T00:00:00.000Z","2023-09-18T23:59:59.999Z","2023-09-18T12:44:00.000Z","2023-09-18T00:38:00.000Z",1850.1906849899,1898.2798816475,1840.9253878776,1866.6123859856,13857602.89,0,"2023-09-18T23:59:59.999Z"
"2023-09-17T00:00:00.000Z","2023-09-17T23:59:59.999Z","2023-09-17T10:57:00.000Z","2023-09-17T22:12:00.000Z",1863.0432939035,1864.0432764795,1844.0937609245,1850.5247567343,6552140.59,0,"2023-09-17T23:59:59.999Z"
"2023-09-16T00:00:00.000Z","2023-09-16T23:59:59.999Z","2023-09-16T02:25:00.000Z","2023-09-16T15:03:00.000Z",1874.1840305561,1884.0973274067,1859.9645214121,1863.0716641222,10993379.03,0,"2023-09-16T23:59:59.999Z"
"2023-09-15T00:00:00.000Z","2023-09-15T23:59:59.999Z","2023-09-15T23:10:00.000Z","2023-09-15T14:49:00.000Z",1854.3691339961,1881.3807900495,1839.7597835049,1874.4253570882,22209715.37,0,"2023-09-15T23:59:59.999Z"
"2023-09-14T00:00:00.000Z","2023-09-14T23:59:59.999Z","2023-09-14T15:02:00.000Z","2023-09-14T00:10:00.000Z",1829.8725785091,1869.1703170941,1829.7576192754,1854.293044436,10523183.48,0,"2023-09-14T23:59:59.999Z"
"2023-09-13T00:00:00.000Z","2023-09-13T23:59:59.999Z","2023-09-13T15:29:00.000Z","2023-09-13T06:50:00.000Z",1814.3182235554,1839.243930326,1802.5165773268,1829.9782883661,13805700.96,0,"2023-09-13T23:59:59.999Z"
"2023-09-12T00:00:00.000Z","2023-09-12T23:59:59.999Z","2023-09-12T16:32:00.000Z","2023-09-12T00:33:00.000Z",1767.0879726581,1840.7386192107,1763.7928430211,1814.3621902217,8867378.53,0,"2023-09-12T23:59:59.999Z"
"2023-09-11T00:00:00.000Z","2023-09-11T23:59:59.999Z","2023-09-11T00:24:00.000Z","2023-09-11T20:03:00.000Z",1845.3907286585,1845.9423960788,1758.0365989527,1767.1325236542,21582242.49,0,"2023-09-11T23:59:59.999Z"
"2023-09-10T00:00:00.000Z","2023-09-10T23:59:59.999Z","2023-09-10T00:03:00.000Z","2023-09-10T19:42:00.000Z",1860.4635498127,1860.5527384706,1827.868455891,1845.3791355187,6735739.2,0,"2023-09-10T23:59:59.999Z"
"2023-09-09T00:00:00.000Z","2023-09-09T23:59:59.999Z","2023-09-09T00:21:00.000Z","2023-09-09T21:47:00.000Z",1864.2969818791,1865.3545666433,1849.3060821295,1860.4267126096,3289697.69,0,"2023-09-09T23:59:59.999Z"
"2023-09-08T00:00:00.000Z","2023-09-08T23:59:59.999Z","2023-09-08T00:59:00.000Z","2023-09-08T10:08:00.000Z",1874.365533056,1883.6702762699,1841.5333177121,1864.2819500055,14489822.67,0,"2023-09-08T23:59:59.999Z"
"2023-09-07T00:00:00.000Z","2023-09-07T23:59:59.999Z","2023-09-07T21:20:00.000Z","2023-09-07T12:56:00.000Z",1857.7330238472,1882.8243078038,1848.1850767493,1874.545620151,18507162.11,0,"2023-09-07T23:59:59.999Z"
"2023-09-06T00:00:00.000Z","2023-09-06T23:59:59.999Z","2023-09-06T17:58:00.000Z","2023-09-06T17:09:00.000Z",1858.3565274576,1882.4836544299,1837.9529731699,1857.9541069486,19558541.84,0,"2023-09-06T23:59:59.999Z"
"2023-09-05T00:00:00.000Z","2023-09-05T23:59:59.999Z","2023-09-05T15:22:00.000Z","2023-09-05T03:24:00.000Z",1853.1852742133,1873.2666471687,1835.0646341054,1858.2759321842,23360118.69,0,"2023-09-05T23:59:59.999Z"
"2023-09-04T00:00:00.000Z","2023-09-04T23:59:59.999Z","2023-09-04T03:13:00.000Z","2023-09-04T22:03:00.000Z",1861.0388986745,1870.7561001649,1842.7887644146,1853.0518398337,11919396.09,0,"2023-09-04T23:59:59.999Z"
"2023-09-03T00:00:00.000Z","2023-09-03T23:59:59.999Z","2023-09-03T20:53:00.000Z","2023-09-03T16:55:00.000Z",1861.8462258211,1869.0247398978,1847.0624684917,1861.1003379564,3369377.64,0,"2023-09-03T23:59:59.999Z"
"2023-09-02T00:00:00.000Z","2023-09-02T23:59:59.999Z","2023-09-02T15:28:00.000Z","2023-09-02T00:13:00.000Z",1852.0219136267,1866.6485808609,1851.0243080815,1861.731141596,5259744.85,0,"2023-09-02T23:59:59.999Z"
"2023-09-01T00:00:00.000Z","2023-09-01T23:59:59.999Z","2023-09-01T04:55:00.000Z","2023-09-01T18:04:00.000Z",1870.4752290719,1881.6848986784,1827.7428409436,1851.9720190772,15293410.98,0,"2023-09-01T23:59:59.999Z"
"2023-08-31T00:00:00.000Z","2023-08-31T23:59:59.999Z","2023-08-31T11:49:00.000Z","2023-08-31T21:10:00.000Z",1935.8331038969,1954.3477763382,1867.570467324,1870.304778998,11548188.11,0,"2023-08-31T23:59:59.999Z"
"2023-08-30T00:00:00.000Z","2023-08-30T23:59:59.999Z","2023-08-30T00:03:00.000Z","2023-08-30T18:31:00.000Z",1967.066331998,1967.9075459855,1928.1706743902,1935.949095698,10348343.58,0,"2023-08-30T23:59:59.999Z"
"2023-08-29T00:00:00.000Z","2023-08-29T23:59:59.999Z","2023-08-29T20:30:00.000Z","2023-08-29T10:40:00.000Z",1881.0200520062,1982.2873928492,1866.577002453,1965.2253894376,9459810.99,0,"2023-08-29T23:59:59.999Z"
"2023-08-28T00:00:00.000Z","2023-08-28T23:59:59.999Z","2023-08-28T23:27:00.000Z","2023-08-28T09:20:00.000Z",1883.8521923004,1884.1428203459,1853.6113050924,1881.2659558636,11940952.12,0,"2023-08-28T23:59:59.999Z"
"2023-08-27T00:00:00.000Z","2023-08-27T23:59:59.999Z","2023-08-27T15:04:00.000Z","2023-08-27T00:01:00.000Z",1870.4914031255,1889.196002331,1870.3875666772,1883.896003827,6176242.59,0,"2023-08-27T23:59:59.999Z"
"2023-08-26T00:00:00.000Z","2023-08-26T23:59:59.999Z","2023-08-26T03:15:00.000Z","2023-08-26T23:21:00.000Z",1879.3341646049,1884.2818187648,1869.5383471328,1870.4601170202,5992935.82,0,"2023-08-26T23:59:59.999Z"
"2023-08-25T00:00:00.000Z","2023-08-25T23:59:59.999Z","2023-08-25T14:18:00.000Z","2023-08-25T17:50:00.000Z",1884.6212495378,1898.7467125625,1862.3855900186,1879.3440753193,10718394.07,0,"2023-08-25T23:59:59.999Z"
"2023-08-24T00:00:00.000Z","2023-08-24T23:59:59.999Z","2023-08-24T01:06:00.000Z","2023-08-24T20:57:00.000Z",1907.1436911522,1911.1370556384,1866.2093915162,1884.8865880201,5823309.81,0,"2023-08-24T23:59:59.999Z"
"2023-08-23T00:00:00.000Z","2023-08-23T23:59:59.999Z","2023-08-23T19:51:00.000Z","2023-08-23T03:31:00.000Z",1859.2509921395,1929.1720554896,1855.2547981087,1906.9005239912,7876683.92,0,"2023-08-23T23:59:59.999Z"
"2023-08-22T00:00:00.000Z","2023-08-22T23:59:59.999Z","2023-08-22T00:05:00.000Z","2023-08-22T21:29:00.000Z",1897.01764898,1897.8397171071,1818.3766163218,1858.752573195,11319542.5,0,"2023-08-22T23:59:59.999Z"
"2023-08-21T00:00:00.000Z","2023-08-21T23:59:59.999Z","2023-08-21T00:07:00.000Z","2023-08-21T15:30:00.000Z",1914.4270365983,1914.8508229295,1873.2173065899,1896.8874905186,4743036.5,0,"2023-08-21T23:59:59.999Z"
"2023-08-20T00:00:00.000Z","2023-08-20T23:59:59.999Z","2023-08-20T20:47:00.000Z","2023-08-20T08:24:00.000Z",1899.1764371714,1921.1222592132,1889.9016027171,1914.3991232331,2913692.22,0,"2023-08-20T23:59:59.999Z"
"2023-08-19T00:00:00.000Z","2023-08-19T23:59:59.999Z","2023-08-19T16:52:00.000Z","2023-08-19T07:14:00.000Z",1891.3208500693,1921.9317328992,1880.972456504,1898.9044959461,5086948.77,0,"2023-08-19T23:59:59.999Z"
"2023-08-18T00:00:00.000Z","2023-08-18T23:59:59.999Z","2023-08-18T08:59:00.000Z","2023-08-18T17:26:00.000Z",1909.1989805674,1928.0710668513,1879.2231314768,1891.4411977532,10618300.81,0,"2023-08-18T23:59:59.999Z"
"2023-08-17T00:00:00.000Z","2023-08-17T23:59:59.999Z","2023-08-17T00:00:00.000Z","2023-08-17T21:47:00.000Z",2054.0669102134,2054.0669102134,1809.4017664809,1908.6180608956,9271552.83,0,"2023-08-17T23:59:59.999Z"
"2023-08-16T00:00:00.000Z","2023-08-16T23:59:59.999Z","2023-08-16T02:58:00.000Z","2023-08-16T21:21:00.000Z",2073.5355722913,2077.0483085122,2043.662023801,2054.3141851116,3078265.62,0,"2023-08-16T23:59:59.999Z"
"2023-08-15T00:00:00.000Z","2023-08-15T23:59:59.999Z","2023-08-15T14:41:00.000Z","2023-08-15T19:13:00.000Z",2092.4150579648,2094.3002264398,2058.5451556361,2073.4654543249,9645751.91,0,"2023-08-15T23:59:59.999Z"
"2023-08-14T00:00:00.000Z","2023-08-14T23:59:59.999Z","2023-08-14T17:16:00.000Z","2023-08-14T02:23:00.000Z",2088.1422149075,2109.2550445423,2083.1861757951,2092.7369916935,4974621.31,0,"2023-08-14T23:59:59.999Z"
"2023-08-13T00:00:00.000Z","2023-08-13T23:59:59.999Z","2023-08-13T19:55:00.000Z","2023-08-13T23:20:00.000Z",2098.8805051296,2111.0579021632,2086.8426574921,2088.2593329668,3396434.99,0,"2023-08-13T23:59:59.999Z"
"2023-08-12T00:00:00.000Z","2023-08-12T23:59:59.999Z","2023-08-12T12:45:00.000Z","2023-08-12T05:06:00.000Z",2097.6309416272,2107.0147606598,2094.695397796,2098.9378837016,2881692.55,0,"2023-08-12T23:59:59.999Z"
"2023-08-11T00:00:00.000Z","2023-08-11T23:59:59.999Z","2023-08-11T12:29:00.000Z","2023-08-11T21:49:00.000Z",2101.9865802755,2105.5978200642,2086.8615293303,2097.648553791,8062605.57,0,"2023-08-11T23:59:59.999Z"
"2023-08-10T00:00:00.000Z","2023-08-10T23:59:59.999Z","2023-08-10T14:03:00.000Z","2023-08-10T07:45:00.000Z",2105.3530651983,2115.4726190446,2094.8310996602,2101.9610214047,4068200.95,0,"2023-08-10T23:59:59.999Z"
"2023-08-09T00:00:00.000Z","2023-08-09T23:59:59.999Z","2023-08-09T13:03:00.000Z","2023-08-09T20:27:00.000Z",2103.4430890142,2124.2422433204,2095.7137441058,2105.6644944176,5230281.06,0,"2023-08-09T23:59:59.999Z"
"2023-08-08T00:00:00.000Z","2023-08-08T23:59:59.999Z","2023-08-08T21:23:00.000Z","2023-08-08T02:58:00.000Z",2070.5841860424,2129.7603960349,2069.7044385388,2103.7144689768,17952655.88,0,"2023-08-08T23:59:59.999Z"
"2023-08-07T00:00:00.000Z","2023-08-07T23:59:59.999Z","2023-08-07T03:09:00.000Z","2023-08-07T16:19:00.000Z",2078.7539926808,2089.9667647483,2050.5371131245,2071.2724619141,21543907.65,0,"2023-08-07T23:59:59.999Z"
"2023-08-06T00:00:00.000Z","2023-08-06T23:59:59.999Z","2023-08-06T22:27:00.000Z","2023-08-06T16:21:00.000Z",2084.7428207862,2086.7007709207,2073.4532052874,2078.3383332424,25587271.31,0,"2023-08-06T23:59:59.999Z"
"2023-08-05T00:00:00.000Z","2023-08-05T23:59:59.999Z","2023-08-05T22:56:00.000Z","2023-08-05T05:13:00.000Z",2071.5014253703,2088.0875387552,2068.7388832638,2084.8693305708,1523056,0,"2023-08-05T23:59:59.999Z"
"2023-08-04T00:00:00.000Z","2023-08-04T23:59:59.999Z","2023-08-04T13:52:00.000Z","2023-08-04T20:52:00.000Z",2081.2151862569,2097.4813768941,2067.1155587938,2071.3185933383,7314715.98,0,"2023-08-04T23:59:59.999Z"
"2023-08-03T00:00:00.000Z","2023-08-03T23:59:59.999Z","2023-08-03T17:18:00.000Z","2023-08-03T08:28:00.000Z",2081.5605732105,2103.3509062885,2070.1751131795,2081.2507652879,11857747.12,0,"2023-08-03T23:59:59.999Z"
"2023-08-02T00:00:00.000Z","2023-08-02T23:59:59.999Z","2023-08-02T01:35:00.000Z","2023-08-02T16:57:00.000Z",2118.1750122335,2126.2435775199,2063.9985832623,2081.2882041851,27556726.43,0,"2023-08-02T23:59:59.999Z"
"2023-08-01T00:00:00.000Z","2023-08-01T23:59:59.999Z","2023-08-01T23:57:00.000Z","2023-08-01T15:32:00.000Z",2105.078337292,2118.5511149733,2057.1197073119,2118.1049227011,36152709.58,0,"2023-08-01T23:59:59.999Z"
"2023-07-31T00:00:00.000Z","2023-07-31T23:59:59.999Z","2023-07-31T01:04:00.000Z","2023-07-31T17:35:00.000Z",2107.8728837839,2123.7659900455,2094.1825926498,2105.1468851432,85808601.3,0,"2023-07-31T23:59:59.999Z"
"2023-07-30T00:00:00.000Z","2023-07-30T23:59:59.999Z","2023-07-30T00:11:00.000Z","2023-07-30T22:48:00.000Z",2132.4182275726,2136.0654612039,2100.0721676918,2108.175647119,48105143.9,0,"2023-07-30T23:59:59.999Z"
"2023-07-29T00:00:00.000Z","2023-07-29T23:59:59.999Z","2023-07-29T20:28:00.000Z","2023-07-29T12:21:00.000Z",2126.3702790403,2141.2030997991,2118.3354954894,2132.5425816574,6001483.22,0,"2023-07-29T23:59:59.999Z"
"2023-07-28T00:00:00.000Z","2023-07-28T23:59:59.999Z","2023-07-28T14:32:00.000Z","2023-07-28T08:13:00.000Z",2108.5237005234,2131.8067059463,2102.5664513383,2126.5739110373,8372560.83,0,"2023-07-28T23:59:59.999Z"
"2023-07-27T00:00:00.000Z","2023-07-27T23:59:59.999Z","2023-07-27T05:52:00.000Z","2023-07-27T18:40:00.000Z",2120.5807159562,2137.7640377423,2100.9094922824,2108.865293312,25261169.08,0,"2023-07-27T23:59:59.999Z"
"2023-07-26T00:00:00.000Z","2023-07-26T23:59:59.999Z","2023-07-26T20:43:00.000Z","2023-07-26T12:22:00.000Z",2104.6454460409,2138.9021024387,2092.3604761617,2120.2163065005,15450184.11,0,"2023-07-26T23:59:59.999Z"
"2023-07-25T00:00:00.000Z","2023-07-25T23:59:59.999Z","2023-07-25T22:12:00.000Z","2023-07-25T07:52:00.000Z",2089.8139488017,2114.3562240909,2083.4869559519,2104.5687704879,4397900.01,0,"2023-07-25T23:59:59.999Z"
"2023-07-24T00:00:00.000Z","2023-07-24T23:59:59.999Z","2023-07-24T00:23:00.000Z","2023-07-24T15:13:00.000Z",2137.8606054608,2139.7058931957,2077.7725865365,2089.682214926,5183779.43,0,"2023-07-24T23:59:59.999Z"
"2023-07-23T00:00:00.000Z","2023-07-23T23:59:59.999Z","2023-07-23T19:09:00.000Z","2023-07-23T00:55:00.000Z",2113.3667534247,2150.1419673247,2109.4554108851,2138.3938067967,3853461.91,0,"2023-07-23T23:59:59.999Z"
"2023-07-22T00:00:00.000Z","2023-07-22T23:59:59.999Z","2023-07-22T03:25:00.000Z","2023-07-22T23:36:00.000Z",2145.2445895796,2155.0397947948,2106.9024751885,2113.2837391043,9244693.04,0,"2023-07-22T23:59:59.999Z"
"2023-07-21T00:00:00.000Z","2023-07-21T23:59:59.999Z","2023-07-21T18:17:00.000Z","2023-07-21T08:06:00.000Z",2138.9727126172,2162.6249885041,2128.0695862359,2145.5448425862,10279634.74,0,"2023-07-21T23:59:59.999Z"
"2023-07-20T00:00:00.000Z","2023-07-20T23:59:59.999Z","2023-07-20T10:33:00.000Z","2023-07-20T14:53:00.000Z",2142.9486929886,2190.7407944455,2128.5267673359,2139.1377687129,22164286.1,0,"2023-07-20T23:59:59.999Z"
"2023-07-19T00:00:00.000Z","2023-07-19T23:59:59.999Z","2023-07-19T17:52:00.000Z","2023-07-19T21:26:00.000Z",2144.9088539912,2175.7748290661,2137.203829138,2142.7065788857,30056807.46,0,"2023-07-19T23:59:59.999Z"
"2023-07-18T00:00:00.000Z","2023-07-18T23:59:59.999Z","2023-07-18T00:33:00.000Z","2023-07-18T16:50:00.000Z",2162.4109816623,2166.9772115872,2128.3006587445,2145.1137531177,19935462.97,0,"2023-07-18T23:59:59.999Z"
"2023-07-17T00:00:00.000Z","2023-07-17T23:59:59.999Z","2023-07-17T05:19:00.000Z","2023-07-17T18:51:00.000Z",2171.4370468881,2190.2093558641,2126.9997547594,2162.5765118756,20450793.39,0,"2023-07-17T23:59:59.999Z"
"2023-07-16T00:00:00.000Z","2023-07-16T23:59:59.999Z","2023-07-16T14:45:00.000Z","2023-07-16T02:23:00.000Z",2183.7217169498,2197.401970078,2159.540536072,2171.7644799077,4695908.11,0,"2023-07-16T23:59:59.999Z"
"2023-07-15T00:00:00.000Z","2023-07-15T23:59:59.999Z","2023-07-15T10:03:00.000Z","2023-07-15T03:21:00.000Z",2190.7893973465,2200.3624158905,2174.2485090556,2183.5476074283,12673370.69,0,"2023-07-15T23:59:59.999Z"
"2023-07-14T00:00:00.000Z","2023-07-14T23:59:59.999Z","2023-07-14T01:01:00.000Z","2023-07-14T20:36:00.000Z",2264.3473216862,2284.9728283314,2149.5808739744,2190.2100019253,26119966.2,0,"2023-07-14T23:59:59.999Z"
"2023-07-13T00:00:00.000Z","2023-07-13T23:59:59.999Z","2023-07-13T18:17:00.000Z","2023-07-13T04:15:00.000Z",2118.4474190401,2266.8974902345,2111.4613117918,2264.1471243195,35335285.99,0,"2023-07-13T23:59:59.999Z"
"2023-07-12T00:00:00.000Z","2023-07-12T23:59:59.999Z","2023-07-12T15:14:00.000Z","2023-07-12T21:34:00.000Z",2126.2171873082,2147.0856944021,2112.3427144206,2118.3921680664,41204379.11,0,"2023-07-12T23:59:59.999Z"
"2023-07-11T00:00:00.000Z","2023-07-11T23:59:59.999Z","2023-07-11T06:33:00.000Z","2023-07-11T10:33:00.000Z",2130.4286978239,2141.7682796754,2110.2274197521,2126.3287563677,39528133.28,0,"2023-07-11T23:59:59.999Z"
"2023-07-10T00:00:00.000Z","2023-07-10T23:59:59.999Z","2023-07-10T20:08:00.000Z","2023-07-10T08:35:00.000Z",2111.8692541128,2155.0052073504,2082.3802165129,2130.4286978239,13562747.52,0,"2023-07-10T23:59:59.999Z"
"2023-07-09T00:00:00.000Z","2023-07-09T23:59:59.999Z","2023-07-09T13:29:00.000Z","2023-07-09T16:31:00.000Z",2105.3839916322,2124.5403795414,2103.29005781,2111.8401328031,11088061.85,0,"2023-07-09T23:59:59.999Z"
"2023-07-08T00:00:00.000Z","2023-07-08T23:59:59.999Z","2023-07-08T01:05:00.000Z","2023-07-08T20:45:00.000Z",2119.7866158438,2122.6724884696,2083.5234018331,2105.3839916322,2828024.19,0,"2023-07-08T23:59:59.999Z"
"2023-07-07T00:00:00.000Z","2023-07-07T23:59:59.999Z","2023-07-07T16:16:00.000Z","2023-07-07T00:05:00.000Z",2094.840925539,2124.1489556276,2078.7627027772,2119.848378089,14528069.9,0,"2023-07-07T23:59:59.999Z"
"2023-07-06T00:00:00.000Z","2023-07-06T23:59:59.999Z","2023-07-06T09:13:00.000Z","2023-07-06T23:59:00.000Z",2160.9802448749,2212.429386687,2094.7131211591,2094.7131211591,28168857.03,0,"2023-07-06T23:59:59.999Z"
"2023-07-05T00:00:00.000Z","2023-07-05T23:59:59.999Z","2023-07-05T07:31:00.000Z","2023-07-05T15:42:00.000Z",2192.4445722947,2204.2727063164,2139.0253822421,2160.9196982191,8208082.34,0,"2023-07-05T23:59:59.999Z"
"2023-07-04T00:00:00.000Z","2023-07-04T23:59:59.999Z","2023-07-04T16:41:00.000Z","2023-07-04T19:43:00.000Z",2213.5856548356,2222.0254647352,2187.1978570307,2192.3224058967,11756986.01,0,"2023-07-04T23:59:59.999Z"
"2023-07-03T00:00:00.000Z","2023-07-03T23:59:59.999Z","2023-07-03T19:32:00.000Z","2023-07-03T06:34:00.000Z",2189.9168102872,2231.9811620529,2183.5543601047,2213.3802534692,16297053.55,0,"2023-07-03T23:59:59.999Z"
"2023-07-02T00:00:00.000Z","2023-07-02T23:59:59.999Z","2023-07-02T22:40:00.000Z","2023-07-02T15:26:00.000Z",2179.5915160962,2208.5328963502,2143.7429678608,2190.4526293434,16727304.77,0,"2023-07-02T23:59:59.999Z"
"2023-07-01T00:00:00.000Z","2023-07-01T23:59:59.999Z","2023-07-01T00:45:00.000Z","2023-07-01T04:35:00.000Z",2181.8477344043,2189.8946443472,2159.3451225652,2179.5866812322,24041069.06,0,"2023-07-01T23:59:59.999Z"
"2023-06-30T00:00:00.000Z","2023-06-30T23:59:59.999Z","2023-06-30T23:35:00.000Z","2023-06-30T13:58:00.000Z",2089.8752498372,2187.7132805236,2071.7720807858,2181.3397476624,36552471.21,0,"2023-06-30T23:59:59.999Z"
"2023-06-29T00:00:00.000Z","2023-06-29T23:59:59.999Z","2023-06-29T13:20:00.000Z","2023-06-29T00:00:00.000Z",2065.4540898985,2117.5446709303,2065.4540898985,2090.2232810217,21901875.79,0,"2023-06-29T23:59:59.999Z"
"2023-06-28T00:00:00.000Z","2023-06-28T23:59:59.999Z","2023-06-28T00:00:00.000Z","2023-06-28T19:33:00.000Z",2134.3522455591,2134.3522455591,2060.3661409315,2065.4601271448,15447663.88,0,"2023-06-28T23:59:59.999Z"
"2023-06-27T00:00:00.000Z","2023-06-27T23:59:59.999Z","2023-06-27T17:07:00.000Z","2023-06-27T00:37:00.000Z",2099.5228031015,2152.6256141793,2095.6372986625,2134.1872371704,163670146.67,0,"2023-06-27T23:59:59.999Z"
"2023-06-26T00:00:00.000Z","2023-06-26T23:59:59.999Z","2023-06-26T00:27:00.000Z","2023-06-26T19:18:00.000Z",2147.2745989957,2149.7600429536,2083.66174902,2099.2319732564,40020522.23,0,"2023-06-26T23:59:59.999Z"
"2023-06-25T00:00:00.000Z","2023-06-25T23:59:59.999Z","2023-06-25T06:40:00.000Z","2023-06-25T00:45:00.000Z",2118.8661800578,2176.6270694548,2115.1656456614,2147.074839987,12265089.44,0,"2023-06-25T23:59:59.999Z"
"2023-06-24T00:00:00.000Z","2023-06-24T23:59:59.999Z","2023-06-24T12:36:00.000Z","2023-06-24T16:05:00.000Z",2140.5988392214,2146.9261228953,2098.0188184368,2119.0969411672,9053672.78,0,"2023-06-24T23:59:59.999Z"
"2023-06-23T00:00:00.000Z","2023-06-23T23:59:59.999Z","2023-06-23T16:16:00.000Z","2023-06-23T02:13:00.000Z",2111.9627683373,2186.0415706356,2107.6486798471,2140.3101665458,15251642.01,0,"2023-06-23T23:59:59.999Z"
"2023-06-22T00:00:00.000Z","2023-06-22T23:59:59.999Z","2023-06-22T03:00:00.000Z","2023-06-22T14:56:00.000Z",2120.6913927381,2175.9693054105,2106.8537495133,2111.8192548187,19430975.1,0,"2023-06-22T23:59:59.999Z"
"2023-06-21T00:00:00.000Z","2023-06-21T23:59:59.999Z","2023-06-21T23:24:00.000Z","2023-06-21T00:14:00.000Z",2025.0208461651,2139.8293718437,2016.9393462465,2121.2406439645,14566938.39,0,"2023-06-21T23:59:59.999Z"
"2023-06-20T00:00:00.000Z","2023-06-20T23:59:59.999Z","2023-06-20T20:52:00.000Z","2023-06-20T14:32:00.000Z",1959.199906322,2026.2295309137,1940.0222791422,2025.0107775229,13784094.13,0,"2023-06-20T23:59:59.999Z"
"2023-06-19T00:00:00.000Z","2023-06-19T23:59:59.999Z","2023-06-19T18:17:00.000Z","2023-06-19T16:37:00.000Z",1939.1107774007,1968.8457006433,1925.2762487221,1957.8347287899,32576545.57,0,"2023-06-19T23:59:59.999Z"
"2023-06-18T00:00:00.000Z","2023-06-18T23:59:59.999Z","2023-06-18T17:10:00.000Z","2023-06-18T23:02:00.000Z",1949.3670837717,1969.6913132556,1936.209665034,1939.1304188752,6419110.52,0,"2023-06-18T23:59:59.999Z"
"2023-06-17T00:00:00.000Z","2023-06-17T23:59:59.999Z","2023-06-17T06:27:00.000Z","2023-06-17T02:00:00.000Z",1936.5230585904,1981.3716352567,1929.2534336409,1949.6378706662,15097729.6,0,"2023-06-17T23:59:59.999Z"
"2023-06-16T00:00:00.000Z","2023-06-16T23:59:59.999Z","2023-06-16T20:56:00.000Z","2023-06-16T14:50:00.000Z",1878.7584513809,1941.7689713124,1865.6380332224,1936.6879910705,20165945.55,0,"2023-06-16T23:59:59.999Z"
"2023-06-15T00:00:00.000Z","2023-06-15T23:59:59.999Z","2023-06-15T21:37:00.000Z","2023-06-15T09:33:00.000Z",1866.0322683957,1893.9746266559,1834.2721598371,1878.6668449048,10568138.94,0,"2023-06-15T23:59:59.999Z"
"2023-06-14T00:00:00.000Z","2023-06-14T23:59:59.999Z","2023-06-14T05:06:00.000Z","2023-06-14T21:01:00.000Z",1963.0730306773,1974.6512251804,1854.8425992488,1865.8526706135,10490015.41,0,"2023-06-14T23:59:59.999Z"
"2023-06-13T00:00:00.000Z","2023-06-13T23:59:59.999Z","2023-06-13T12:34:00.000Z","2023-06-13T15:28:00.000Z",1964.0771876,1989.0158512924,1944.1881899229,1963.0765891501,8258909.85,0,"2023-06-13T23:59:59.999Z"
"2023-06-12T00:00:00.000Z","2023-06-12T23:59:59.999Z","2023-06-12T10:46:00.000Z","2023-06-12T02:51:00.000Z",1971.4979870501,1986.0016018634,1935.9952026655,1964.0563906256,8911751.92,0,"2023-06-12T23:59:59.999Z"
"2023-06-11T00:00:00.000Z","2023-06-11T23:59:59.999Z","2023-06-11T20:13:00.000Z","2023-06-11T13:56:00.000Z",1978.4569197519,2002.3040804569,1957.2110517443,1971.3247823156,4412530.89,0,"2023-06-11T23:59:59.999Z"
"2023-06-10T00:00:00.000Z","2023-06-10T23:59:59.999Z","2023-06-10T00:21:00.000Z","2023-06-10T17:05:00.000Z",2074.980527265,2075.6273043477,1945.0382322424,1978.3211742522,37824653.19,0,"2023-06-10T23:59:59.999Z"
"2023-06-09T00:00:00.000Z","2023-06-09T23:59:59.999Z","2023-06-09T13:28:00.000Z","2023-06-09T02:26:00.000Z",2079.5248702778,2093.7627188113,2063.0620942305,2075.0418556286,5995615.42,0,"2023-06-09T23:59:59.999Z"
"2023-06-08T00:00:00.000Z","2023-06-08T23:59:59.999Z","2023-06-08T14:34:00.000Z","2023-06-08T00:00:00.000Z",2055.4376358168,2094.3096421446,2055.4376358168,2079.6607800231,4626471.46,0,"2023-06-08T23:59:59.999Z"
"2023-06-07T00:00:00.000Z","2023-06-07T23:59:59.999Z","2023-06-07T00:48:00.000Z","2023-06-07T22:01:00.000Z",2119.6096732141,2132.8325263885,2045.383077342,2055.1875615412,4557829.8,0,"2023-06-07T23:59:59.999Z"
"2023-06-06T00:00:00.000Z","2023-06-06T23:59:59.999Z","2023-06-06T19:55:00.000Z","2023-06-06T13:20:00.000Z",2043.1192624705,2128.6720216399,2026.9313490321,2119.5408267149,3513533.96,0,"2023-06-06T23:59:59.999Z"
"2023-06-05T00:00:00.000Z","2023-06-05T23:59:59.999Z","2023-06-05T00:00:00.000Z","2023-06-05T16:05:00.000Z",2129.7987489452,2129.7987489452,2014.7756330059,2043.1450904765,3203199.91,0,"2023-06-05T23:59:59.999Z"
"2023-06-04T00:00:00.000Z","2023-06-04T23:59:59.999Z","2023-06-04T09:44:00.000Z","2023-06-04T01:10:00.000Z",2129.8798761206,2153.2398808562,2118.7351669146,2129.6509031305,1994739.75,0,"2023-06-04T23:59:59.999Z"
"2023-06-03T00:00:00.000Z","2023-06-03T23:59:59.999Z","2023-06-03T12:32:00.000Z","2023-06-03T20:00:00.000Z",2146.0834130446,2148.6439545019,2121.6090227857,2130.194261987,2089832.39,0,"2023-06-03T23:59:59.999Z"
"2023-06-02T00:00:00.000Z","2023-06-02T23:59:59.999Z","2023-06-02T19:42:00.000Z","2023-06-02T00:40:00.000Z",2096.0629875348,2156.8164575278,2078.933351999,2145.6769686942,5594371.31,0,"2023-06-02T23:59:59.999Z"
"2023-06-01T00:00:00.000Z","2023-06-01T23:59:59.999Z","2023-06-01T00:25:00.000Z","2023-06-01T03:06:00.000Z",2106.1792154792,2119.0512684901,2076.146703846,2096.6098504514,7666164.1,0,"2023-06-01T23:59:59.999Z"
"2023-05-31T00:00:00.000Z","2023-05-31T23:59:59.999Z","2023-05-31T01:46:00.000Z","2023-05-31T16:10:00.000Z",2138.8099606527,2147.9841442113,2086.4965955625,2106.0477656118,63712250.97,0,"2023-05-31T23:59:59.999Z"
"2023-05-30T00:00:00.000Z","2023-05-30T23:59:59.999Z","2023-05-30T13:43:00.000Z","2023-05-30T00:38:00.000Z",2130.2875767221,2156.535818322,2120.6995838978,2138.7826508953,5864458.94,0,"2023-05-30T23:59:59.999Z"
"2023-05-29T00:00:00.000Z","2023-05-29T23:59:59.999Z","2023-05-29T00:26:00.000Z","2023-05-29T17:10:00.000Z",2142.87804063,2162.3781932659,2107.4660384908,2130.9019460461,2845540.57,0,"2023-05-29T23:59:59.999Z"
"2023-05-28T00:00:00.000Z","2023-05-28T23:59:59.999Z","2023-05-28T23:53:00.000Z","2023-05-28T00:23:00.000Z",2064.4326082733,2145.4190964253,2058.3561769005,2143.0493510622,4953071.85,0,"2023-05-28T23:59:59.999Z"
"2023-05-27T00:00:00.000Z","2023-05-27T23:59:59.999Z","2023-05-27T23:09:00.000Z","2023-05-27T16:46:00.000Z",2059.0438914399,2066.1272053309,2043.7055585239,2064.3338408832,600821.5,0,"2023-05-27T23:59:59.999Z"
"2023-05-26T00:00:00.000Z","2023-05-26T23:59:59.999Z","2023-05-26T14:36:00.000Z","2023-05-26T06:14:00.000Z",2033.1036255635,2064.4321980164,2022.8788122246,2059.0529837911,3375548.23,0,"2023-05-26T23:59:59.999Z"
"2023-05-25T00:00:00.000Z","2023-05-25T23:59:59.999Z","2023-05-25T19:12:00.000Z","2023-05-25T01:29:00.000Z",2034.7928469945,2043.8418200734,1991.8145576811,2033.1413503635,2839510.32,0,"2023-05-25T23:59:59.999Z"
"2023-05-24T00:00:00.000Z","2023-05-24T23:59:59.999Z","2023-05-24T00:02:00.000Z","2023-05-24T15:11:00.000Z",2085.2464048201,2087.8730677932,2007.9558255572,2034.6326880786,5414593.75,0,"2023-05-24T23:59:59.999Z"
"2023-05-23T00:00:00.000Z","2023-05-23T23:59:59.999Z","2023-05-23T04:02:00.000Z","2023-05-23T00:01:00.000Z",2040.8526102188,2104.8358201883,2039.2700706324,2085.8447651,4028561.08,0,"2023-05-23T23:59:59.999Z"
"2023-05-22T00:00:00.000Z","2023-05-22T23:59:59.999Z","2023-05-22T13:57:00.000Z","2023-05-22T01:57:00.000Z",2016.88014786,2054.6005286697,2000.3227514674,2040.9489548265,5862998.44,0,"2023-05-22T23:59:59.999Z"
"2023-05-21T00:00:00.000Z","2023-05-21T23:59:59.999Z","2023-05-21T00:52:00.000Z","2023-05-21T21:26:00.000Z",2036.4539812436,2046.8766726018,2012.6120863673,2016.9950969751,4411039.49,0,"2023-05-21T23:59:59.999Z"
"2023-05-20T00:00:00.000Z","2023-05-20T23:59:59.999Z","2023-05-20T23:49:00.000Z","2023-05-20T05:39:00.000Z",2036.1522307889,2045.4747202993,2020.9093685516,2036.0878237906,2902207.8,0,"2023-05-20T23:59:59.999Z"
"2023-05-19T00:00:00.000Z","2023-05-19T23:59:59.999Z","2023-05-19T15:23:00.000Z","2023-05-19T02:52:00.000Z",2019.7018543785,2054.1483832949,2013.2583904692,2035.9694590898,10377979.2,0,"2023-05-19T23:59:59.999Z"
"2023-05-18T00:00:00.000Z","2023-05-18T23:59:59.999Z","2023-05-18T07:55:00.000Z","2023-05-18T18:18:00.000Z",2047.7695488244,2050.5536546539,1991.6451966164,2019.563283635,8503240.49,0,"2023-05-18T23:59:59.999Z"
"2023-05-17T00:00:00.000Z","2023-05-17T23:59:59.999Z","2023-05-17T19:50:00.000Z","2023-05-17T14:39:00.000Z",2050.5894777828,2067.7748517065,2007.6670300808,2047.8668858885,6368058.24,0,"2023-05-17T23:59:59.999Z"
"2023-05-16T00:00:00.000Z","2023-05-16T23:59:59.999Z","2023-05-16T08:24:00.000Z","2023-05-16T01:38:00.000Z",2044.5943226223,2061.1550863448,2019.1305232431,2050.1224830705,1932047.33,0,"2023-05-16T23:59:59.999Z"
"2023-05-15T00:00:00.000Z","2023-05-15T23:59:59.999Z","2023-05-15T17:20:00.000Z","2023-05-15T00:57:00.000Z",2032.8014424549,2073.3341497908,2013.9946356662,2043.5000382121,5300770.31,0,"2023-05-15T23:59:59.999Z"
"2023-05-14T00:00:00.000Z","2023-05-14T23:59:59.999Z","2023-05-14T15:53:00.000Z","2023-05-14T01:58:00.000Z",2022.8944741279,2063.9656387772,2011.2167005952,2033.056615636,4646536.16,0,"2023-05-14T23:59:59.999Z"
"2023-05-13T00:00:00.000Z","2023-05-13T23:59:59.999Z","2023-05-13T01:25:00.000Z","2023-05-13T19:03:00.000Z",2046.7376192073,2047.6581408781,2013.085011617,2023.0788812809,2645997.5,0,"2023-05-13T23:59:59.999Z"
"2023-05-12T00:00:00.000Z","2023-05-12T23:59:59.999Z","2023-05-12T23:46:00.000Z","2023-05-12T06:32:00.000Z",2018.5883703943,2049.9175596484,1970.7236817124,2047.2739302942,10207979.61,0,"2023-05-12T23:59:59.999Z"
"2023-05-11T00:00:00.000Z","2023-05-11T23:59:59.999Z","2023-05-11T00:02:00.000Z","2023-05-11T18:22:00.000Z",2080.1185625691,2081.4398476837,1996.3511344995,2019.0108697032,6761029.25,0,"2023-05-11T23:59:59.999Z"
"2023-05-10T00:00:00.000Z","2023-05-10T23:59:59.999Z","2023-05-10T12:58:00.000Z","2023-05-10T17:26:00.000Z",2062.8603999161,2134.6366472668,2020.7176509525,2080.2938496753,6047156.04,0,"2023-05-10T23:59:59.999Z"
"2023-05-09T00:00:00.000Z","2023-05-09T23:59:59.999Z","2023-05-09T12:19:00.000Z","2023-05-09T23:39:00.000Z",2072.6872333242,2085.8002003678,2061.1398824591,2066.5303361276,8790932.81,0,"2023-05-09T23:59:59.999Z"
"2023-05-08T00:00:00.000Z","2023-05-08T23:59:59.999Z","2023-05-08T00:23:00.000Z","2023-05-08T18:12:00.000Z",2103.2626822503,2117.0404796121,2024.0165009528,2072.7882542072,19561180.87,0,"2023-05-08T23:59:59.999Z"
"2023-05-07T00:00:00.000Z","2023-05-07T23:59:59.999Z","2023-05-07T14:57:00.000Z","2023-05-07T23:57:00.000Z",2126.5741230879,2163.3852726146,2102.2031234418,2103.2059281674,3119000.46,0,"2023-05-07T23:59:59.999Z"
"2023-05-06T00:00:00.000Z","2023-05-06T23:59:59.999Z","2023-05-06T00:38:00.000Z","2023-05-06T16:12:00.000Z",2235.1963485098,2260.7471196242,2101.9108619648,2126.7793920219,2908818.31,0,"2023-05-06T23:59:59.999Z"
"2023-05-05T00:00:00.000Z","2023-05-05T23:59:59.999Z","2023-05-05T23:38:00.000Z","2023-05-05T00:03:00.000Z",2102.7931852358,2238.387431427,2099.1421038923,2234.1161209766,2606980.15,0,"2023-05-05T23:59:59.999Z"
"2023-05-04T00:00:00.000Z","2023-05-04T23:59:59.999Z","2023-05-04T10:41:00.000Z","2023-05-04T19:18:00.000Z",2133.8575663195,2145.2351893321,2094.8951468657,2103.0919681108,2469214.61,0,"2023-05-04T23:59:59.999Z"
"2023-05-03T00:00:00.000Z","2023-05-03T23:59:59.999Z","2023-05-03T22:27:00.000Z","2023-05-03T15:10:00.000Z",2095.8927350742,2146.0441446331,2061.6508875277,2134.4298791826,4811118.84,0,"2023-05-03T23:59:59.999Z"
"2023-05-02T00:00:00.000Z","2023-05-02T23:59:59.999Z","2023-05-02T20:34:00.000Z","2023-05-02T06:32:00.000Z",2049.4025993564,2098.4049123797,2045.8102566356,2096.8677877912,3349756.16,0,"2023-05-02T23:59:59.999Z"
"2023-05-01T00:00:00.000Z","2023-05-01T23:59:59.999Z","2023-05-01T01:35:00.000Z","2023-05-01T21:02:00.000Z",2104.6087719561,2118.6449291575,2026.9224172506,2049.2753574439,5506486.28,0,"2023-05-01T23:59:59.999Z"
"2023-04-30T00:00:00.000Z","2023-04-30T23:59:59.999Z","2023-04-30T15:43:00.000Z","2023-04-30T23:59:00.000Z",2137.0584087255,2171.0392396598,2106.6014495754,2106.6014495754,3628755.51,0,"2023-04-30T23:59:59.999Z"
"2023-04-29T00:00:00.000Z","2023-04-29T23:59:59.999Z","2023-04-29T16:55:00.000Z","2023-04-29T01:03:00.000Z",2122.8012026133,2142.485239647,2111.7071858073,2135.2224556737,7708997.46,0,"2023-04-29T23:59:59.999Z"
"2023-04-28T00:00:00.000Z","2023-04-28T23:59:59.999Z","2023-04-28T07:52:00.000Z","2023-04-28T15:16:00.000Z",2137.616993778,2151.2925439588,2098.3569264173,2122.7499026139,5515080.5,0,"2023-04-28T23:59:59.999Z"
"2023-04-27T00:00:00.000Z","2023-04-27T23:59:59.999Z","2023-04-27T18:57:00.000Z","2023-04-27T00:08:00.000Z",2085.8661775183,2162.6123195343,2083.7665448215,2137.7262782003,11693507.07,0,"2023-04-27T23:59:59.999Z"
"2023-04-26T00:00:00.000Z","2023-04-26T23:59:59.999Z","2023-04-26T13:00:00.000Z","2023-04-26T20:04:00.000Z",2086.7557988018,2190.124014925,2014.3330804136,2085.8184635527,7550761.41,0,"2023-04-26T23:59:59.999Z"
"2023-04-25T00:00:00.000Z","2023-04-25T23:59:59.999Z","2023-04-25T22:07:00.000Z","2023-04-25T14:39:00.000Z",2072.5622567294,2103.7150622946,2017.1166905169,2086.4606222698,11848300.17,0,"2023-04-25T23:59:59.999Z"
"2023-04-24T00:00:00.000Z","2023-04-24T23:59:59.999Z","2023-04-24T01:19:00.000Z","2023-04-24T17:04:00.000Z",2087.4223601721,2116.8615806122,2040.4156977194,2071.8032484657,2696914.33,0,"2023-04-24T23:59:59.999Z"
"2023-04-23T00:00:00.000Z","2023-04-23T23:59:59.999Z","2023-04-23T12:24:00.000Z","2023-04-23T18:52:00.000Z",2104.0429738779,2108.1574118675,2043.760638566,2087.4907055418,7356523.38,0,"2023-04-23T23:59:59.999Z"
"2023-04-22T00:00:00.000Z","2023-04-22T23:59:59.999Z","2023-04-22T16:19:00.000Z","2023-04-22T10:55:00.000Z",2072.5981506958,2110.4324193956,2062.0015631829,2104.4482105855,8845140.93,0,"2023-04-22T23:59:59.999Z"
"2023-04-21T00:00:00.000Z","2023-04-21T23:59:59.999Z","2023-04-21T00:51:00.000Z","2023-04-21T22:05:00.000Z",2171.430865292,2182.3462059319,2047.8963358113,2072.5981506958,9095393.37,0,"2023-04-21T23:59:59.999Z"
"2023-04-20T00:00:00.000Z","2023-04-20T23:59:59.999Z","2023-04-20T14:17:00.000Z","2023-04-20T19:36:00.000Z",2169.7678557639,2209.1991928917,2130.6413273643,2169.9966470019,7775314,0,"2023-04-20T23:59:59.999Z"
"2023-04-19T00:00:00.000Z","2023-04-19T23:59:59.999Z","2023-04-19T00:00:00.000Z","2023-04-19T23:27:00.000Z",2353.6653693449,2353.6653693449,2158.3260786436,2171.5553995204,3059664.36,0,"2023-04-19T23:59:59.999Z"
"2023-04-18T00:00:00.000Z","2023-04-18T23:59:59.999Z","2023-04-18T11:47:00.000Z","2023-04-18T01:17:00.000Z",2318.3271495988,2369.7161348573,2301.9297234413,2355.2450729329,3590729.51,0,"2023-04-18T23:59:59.999Z"
"2023-04-17T00:00:00.000Z","2023-04-17T23:59:59.999Z","2023-04-17T00:00:00.000Z","2023-04-17T13:32:00.000Z",2365.3322353333,2365.3322353333,2307.9075485878,2317.2961836702,11965228.95,0,"2023-04-17T23:59:59.999Z"
"2023-04-16T00:00:00.000Z","2023-04-16T23:59:59.999Z","2023-04-16T19:37:00.000Z","2023-04-16T01:18:00.000Z",2340.1945673402,2382.3961910335,2315.4251500672,2365.9525345674,18834351.53,0,"2023-04-16T23:59:59.999Z"
"2023-04-15T00:00:00.000Z","2023-04-15T23:59:59.999Z","2023-04-15T15:42:00.000Z","2023-04-15T01:26:00.000Z",2348.4711273556,2369.001232181,2313.4705155229,2339.7643939972,15145340.37,0,"2023-04-15T23:59:59.999Z"
"2023-04-14T00:00:00.000Z","2023-04-14T23:59:59.999Z","2023-04-14T05:50:00.000Z","2023-04-14T00:04:00.000Z",2231.1415612991,2375.0377483452,2231.102813671,2348.8970550468,46307146.44,0,"2023-04-14T23:59:59.999Z"
"2023-04-13T00:00:00.000Z","2023-04-13T23:59:59.999Z","2023-04-13T19:16:00.000Z","2023-04-13T02:11:00.000Z",2138.6498940063,2261.6954242847,2121.4457556282,2230.9682923094,52103543.89,0,"2023-04-13T23:59:59.999Z"
"2023-04-12T00:00:00.000Z","2023-04-12T23:59:59.999Z","2023-04-12T14:32:00.000Z","2023-04-12T03:47:00.000Z",2112.333290951,2147.8214281488,2069.2147369552,2138.4282098225,45411342.86,0,"2023-04-12T23:59:59.999Z"
"2023-04-11T00:00:00.000Z","2023-04-11T23:59:59.999Z","2023-04-11T02:13:00.000Z","2023-04-11T23:34:00.000Z",2132.4392712417,2153.6199239148,2101.8564159371,2111.894885871,29335268.52,0,"2023-04-11T23:59:59.999Z"
"2023-04-10T00:00:00.000Z","2023-04-10T23:59:59.999Z","2023-04-10T23:18:00.000Z","2023-04-10T01:42:00.000Z",2074.0199761987,2137.3136160322,2061.0776305443,2132.4981510411,16244580.7,0,"2023-04-10T23:59:59.999Z"
"2023-04-09T00:00:00.000Z","2023-04-09T23:59:59.999Z","2023-04-09T22:03:00.000Z","2023-04-09T14:33:00.000Z",2066.2587774929,2089.6197643727,2037.6585277142,2074.5207796461,32086514.01,0,"2023-04-09T23:59:59.999Z"
"2023-04-08T00:00:00.000Z","2023-04-08T23:59:59.999Z","2023-04-08T07:17:00.000Z","2023-04-08T19:06:00.000Z",2080.614944532,2093.6857856758,2062.1591426875,2066.737388457,13342512.36,0,"2023-04-08T23:59:59.999Z"
"2023-04-07T00:00:00.000Z","2023-04-07T23:59:59.999Z","2023-04-07T01:06:00.000Z","2023-04-07T12:13:00.000Z",2096.6050359033,2104.1576438954,2054.6587403175,2080.8853266076,9411005.82,0,"2023-04-07T23:59:59.999Z"
"2023-04-06T00:00:00.000Z","2023-04-06T23:59:59.999Z","2023-04-06T00:01:00.000Z","2023-04-06T13:49:00.000Z",2128.9982356535,2130.5495753076,2070.0735469248,2096.4194210907,13507674.91,0,"2023-04-06T23:59:59.999Z"
"2023-04-05T00:00:00.000Z","2023-04-05T23:59:59.999Z","2023-04-05T12:50:00.000Z","2023-04-05T00:18:00.000Z",2096.0559369094,2156.3190957866,2096.0511848032,2129.3130193579,19839775.17,0,"2023-04-05T23:59:59.999Z"
"2023-04-04T00:00:00.000Z","2023-04-04T23:59:59.999Z","2023-04-04T20:58:00.000Z","2023-04-04T04:53:00.000Z",2019.6046263216,2109.481619302,2009.8574455282,2097.508226607,18024188.47,0,"2023-04-04T23:59:59.999Z"
"2023-04-03T00:00:00.000Z","2023-04-03T23:59:59.999Z","2023-04-03T19:01:00.000Z","2023-04-03T01:47:00.000Z",1997.7393953862,2045.0046594541,1969.327778001,2019.6046263216,25025173.81,0,"2023-04-03T23:59:59.999Z"
"2023-04-02T00:00:00.000Z","2023-04-02T23:59:59.999Z","2023-04-02T07:23:00.000Z","2023-04-02T19:44:00.000Z",2035.1972227872,2039.2161368897,1977.3922040782,1997.783558789,7933971.24,0,"2023-04-02T23:59:59.999Z"
"2023-04-01T00:00:00.000Z","2023-04-01T23:59:59.999Z","2023-04-01T02:05:00.000Z","2023-04-01T19:48:00.000Z",2033.9390099928,2049.6591991226,2020.9134403527,2026.7709916227,12793929.52,0,"2023-04-01T23:59:59.999Z"
"2023-03-31T00:00:00.000Z","2023-03-31T23:59:59.999Z","2023-03-31T14:46:00.000Z","2023-03-31T09:44:00.000Z",1998.1482012938,2055.6532640453,1989.17986477,2033.7929537516,21273882.98,0,"2023-03-31T23:59:59.999Z"
"2023-03-30T00:00:00.000Z","2023-03-30T23:59:59.999Z","2023-03-30T02:44:00.000Z","2023-03-30T03:17:00.000Z",1987.3801332855,2023.9296204432,1965.2943498227,1998.3078407106,17112892.44,0,"2023-03-30T23:59:59.999Z"
"2023-03-29T00:00:00.000Z","2023-03-29T23:59:59.999Z","2023-03-29T09:15:00.000Z","2023-03-29T00:00:00.000Z",1974.3200218895,2028.9395374969,1974.3200218895,1986.4984905416,14873588.83,0,"2023-03-29T23:59:59.999Z"
"2023-03-28T00:00:00.000Z","2023-03-28T23:59:59.999Z","2023-03-28T19:54:00.000Z","2023-03-28T01:24:00.000Z",1912.6160503046,2000.1080178414,1897.2174399762,1974.6092334815,8784093.3,0,"2023-03-28T23:59:59.999Z"
"2023-03-27T00:00:00.000Z","2023-03-27T23:59:59.999Z","2023-03-27T01:01:00.000Z","2023-03-27T15:12:00.000Z",1980.3342732839,1985.3057598898,1884.6980871819,1912.6160503046,16050311.96,0,"2023-03-27T23:59:59.999Z"
"2023-03-26T00:00:00.000Z","2023-03-26T23:59:59.999Z","2023-03-26T14:02:00.000Z","2023-03-26T00:33:00.000Z",1942.0637887416,2002.770516831,1940.1385298212,1979.9966531231,12398161.56,0,"2023-03-26T23:59:59.999Z"
"2023-03-25T00:00:00.000Z","2023-03-25T23:59:59.999Z","2023-03-25T01:16:00.000Z","2023-03-25T19:59:00.000Z",1953.3254819557,1965.7397384896,1913.9806530368,1941.8036444056,22010654.85,0,"2023-03-25T23:59:59.999Z"
"2023-03-24T00:00:00.000Z","2023-03-24T23:59:59.999Z","2023-03-24T02:35:00.000Z","2023-03-24T21:32:00.000Z",2014.5090674409,2024.4998751346,1928.3072909121,1952.7118942605,17754991.25,0,"2023-03-24T23:59:59.999Z"
"2023-03-23T00:00:00.000Z","2023-03-23T23:59:59.999Z","2023-03-23T15:19:00.000Z","2023-03-23T02:08:00.000Z",1937.5292641328,2062.9012499023,1925.3296341346,2014.5090674409,19815559.21,0,"2023-03-23T23:59:59.999Z"
"2023-03-22T00:00:00.000Z","2023-03-22T23:59:59.999Z","2023-03-22T15:25:00.000Z","2023-03-22T19:53:00.000Z",2011.1754049857,2028.0618504892,1915.5538626544,1937.3448213864,22139768.7,0,"2023-03-22T23:59:59.999Z"
"2023-03-21T00:00:00.000Z","2023-03-21T23:59:59.999Z","2023-03-21T14:03:00.000Z","2023-03-21T07:17:00.000Z",1928.7550091679,2038.4078374773,1916.5359933642,2010.5523598904,15486737.12,0,"2023-03-21T23:59:59.999Z"
"2023-03-20T00:00:00.000Z","2023-03-20T23:59:59.999Z","2023-03-20T08:11:00.000Z","2023-03-20T23:48:00.000Z",1988.6962663743,2012.8239080835,1926.1651434741,1928.8757839336,19369775.58,0,"2023-03-20T23:59:59.999Z"
"2023-03-19T00:00:00.000Z","2023-03-19T23:59:59.999Z","2023-03-19T19:35:00.000Z","2023-03-19T00:01:00.000Z",1960.3792577875,2052.5706700755,1958.3979852788,1988.2568838096,24747791.37,0,"2023-03-19T23:59:59.999Z"
"2023-03-18T00:00:00.000Z","2023-03-18T23:59:59.999Z","2023-03-18T12:52:00.000Z","2023-03-18T23:48:00.000Z",1993.6169900557,2044.8531105999,1955.7835004851,1960.3792577875,38336656.02,0,"2023-03-18T23:59:59.999Z"
"2023-03-17T00:00:00.000Z","2023-03-17T23:59:59.999Z","2023-03-17T23:19:00.000Z","2023-03-17T00:56:00.000Z",1866.524650144,1999.911881764,1850.2588453568,1991.5241761352,40146412.15,0,"2023-03-17T23:59:59.999Z"
"2023-03-16T00:00:00.000Z","2023-03-16T23:59:59.999Z","2023-03-16T19:27:00.000Z","2023-03-16T01:19:00.000Z",1835.9732491637,1876.908068374,1815.498626763,1864.6588125715,29659762.53,0,"2023-03-16T23:59:59.999Z"
"2023-03-15T00:00:00.000Z","2023-03-15T23:59:59.999Z","2023-03-15T01:26:00.000Z","2023-03-15T17:05:00.000Z",1893.8170421941,1911.6624611466,1785.2908408157,1835.0824477709,33715294.87,0,"2023-03-15T23:59:59.999Z"
"2023-03-14T00:00:00.000Z","2023-03-14T23:59:59.999Z","2023-03-14T16:05:00.000Z","2023-03-14T08:16:00.000Z",1863.7227307967,1979.3439078324,1849.6255702119,1893.7012641802,32199298.25,0,"2023-03-14T23:59:59.999Z"
"2023-03-13T00:00:00.000Z","2023-03-13T23:59:59.999Z","2023-03-13T15:31:00.000Z","2023-03-13T09:44:00.000Z",1770.7324347365,1890.5026853117,1739.7358571134,1862.5953766956,124914242.37,0,"2023-03-13T23:59:59.999Z"
"2023-03-12T00:00:00.000Z","2023-03-12T23:59:59.999Z","2023-03-12T22:30:00.000Z","2023-03-12T12:17:00.000Z",1650.8511594325,1779.8566763562,1623.1999787753,1769.9078238338,45283981.22,0,"2023-03-12T23:59:59.999Z"
"2023-03-11T00:00:00.000Z","2023-03-11T23:59:59.999Z","2023-03-11T04:01:00.000Z","2023-03-11T12:54:00.000Z",1598.7574832289,1728.3394814604,1552.238495055,1651.9042100501,99827887.56,0,"2023-03-11T23:59:59.999Z"
"2023-03-10T00:00:00.000Z","2023-03-10T23:59:59.999Z","2023-03-10T23:22:00.000Z","2023-03-10T10:49:00.000Z",1597.3741599828,1603.1809080997,1527.0810080444,1598.795643651,25538585.5,0,"2023-03-10T23:59:59.999Z"
"2023-03-09T00:00:00.000Z","2023-03-09T23:59:59.999Z","2023-03-09T03:54:00.000Z","2023-03-09T21:01:00.000Z",1709.6444386745,1728.5959640467,1574.8508480768,1596.7983150535,19252034.59,0,"2023-03-09T23:59:59.999Z"
"2023-03-08T00:00:00.000Z","2023-03-08T23:59:59.999Z","2023-03-08T00:15:00.000Z","2023-03-08T23:12:00.000Z",1737.630249248,1746.8337532748,1706.6310909135,1708.9517932759,17854682.22,0,"2023-03-08T23:59:59.999Z"
"2023-03-07T00:00:00.000Z","2023-03-07T23:59:59.999Z","2023-03-07T04:16:00.000Z","2023-03-07T15:11:00.000Z",1742.5933453771,1757.3530708768,1707.9357730611,1738.4709123291,18423098.31,0,"2023-03-07T23:59:59.999Z"
"2023-03-06T00:00:00.000Z","2023-03-06T23:59:59.999Z","2023-03-06T15:57:00.000Z","2023-03-06T02:29:00.000Z",1739.7326136554,1757.7441035714,1729.6244973591,1742.1209864198,11855035.54,0,"2023-03-06T23:59:59.999Z"
"2023-03-05T00:00:00.000Z","2023-03-05T23:59:59.999Z","2023-03-05T01:20:00.000Z","2023-03-05T00:35:00.000Z",1734.6513518112,1765.0532632814,1729.0522871844,1739.9414918718,9501593.59,0,"2023-03-05T23:59:59.999Z"
"2023-03-04T00:00:00.000Z","2023-03-04T23:59:59.999Z","2023-03-04T01:36:00.000Z","2023-03-04T22:09:00.000Z",1744.2476942555,1759.2510195738,1718.3420576981,1734.8807596846,9768140.05,0,"2023-03-04T23:59:59.999Z"
"2023-03-03T00:00:00.000Z","2023-03-03T23:59:59.999Z","2023-03-03T00:10:00.000Z","2023-03-03T21:22:00.000Z",1840.7167205851,1846.0219300985,1725.540633176,1744.0698104972,26444562.42,0,"2023-03-03T23:59:59.999Z"
"2023-03-02T00:00:00.000Z","2023-03-02T23:59:59.999Z","2023-03-02T00:24:00.000Z","2023-03-02T14:23:00.000Z",1843.9291057231,1862.5634613295,1801.2273798343,1841.0935274395,15450268.17,0,"2023-03-02T23:59:59.999Z"
"2023-03-01T00:00:00.000Z","2023-03-01T23:59:59.999Z","2023-03-01T14:51:00.000Z","2023-03-01T00:12:00.000Z",1781.5204213472,1849.5675129571,1779.4935531931,1843.9291057231,18703966.35,0,"2023-03-01T23:59:59.999Z"
"2023-02-28T00:00:00.000Z","2023-02-28T23:59:59.999Z","2023-02-28T14:49:00.000Z","2023-02-28T21:53:00.000Z",1818.8254625411,1823.5938254287,1777.1145314901,1781.31192159,15191247.3,0,"2023-02-28T23:59:59.999Z"
"2023-02-27T00:00:00.000Z","2023-02-27T23:59:59.999Z","2023-02-27T15:20:00.000Z","2023-02-27T20:07:00.000Z",1820.6941816597,1847.9034122173,1794.7522980109,1817.6034688152,23626919.94,0,"2023-02-27T23:59:59.999Z"
"2023-02-26T00:00:00.000Z","2023-02-26T23:59:59.999Z","2023-02-26T21:23:00.000Z","2023-02-26T01:39:00.000Z",1767.5194080897,1831.5796867174,1760.8645811029,1821.2633536024,17067349.16,0,"2023-02-26T23:59:59.999Z"
"2023-02-25T00:00:00.000Z","2023-02-25T23:59:59.999Z","2023-02-25T00:01:00.000Z","2023-02-25T20:47:00.000Z",1789.9020076441,1790.5519988526,1729.5894332457,1767.6120225451,11062108.58,0,"2023-02-25T23:59:59.999Z"
"2023-02-24T00:00:00.000Z","2023-02-24T23:59:59.999Z","2023-02-24T01:19:00.000Z","2023-02-24T16:07:00.000Z",1827.0740140076,1840.6938872111,1762.3704426513,1789.9020076441,27781499.99,0,"2023-02-24T23:59:59.999Z"
"2023-02-23T00:00:00.000Z","2023-02-23T23:59:59.999Z","2023-02-23T03:30:00.000Z","2023-02-23T12:08:00.000Z",1826.6049480701,1858.8933255148,1814.2241424839,1827.0740140076,24936423.11,0,"2023-02-23T23:59:59.999Z"
"2023-02-22T00:00:00.000Z","2023-02-22T23:59:59.999Z","2023-02-22T00:18:00.000Z","2023-02-22T16:57:00.000Z",1842.7994666987,1850.2561997343,1776.3819188788,1823.18872563,26757951.59,0,"2023-02-22T23:59:59.999Z"
"2023-02-21T00:00:00.000Z","2023-02-21T23:59:59.999Z","2023-02-21T02:46:00.000Z","2023-02-21T21:27:00.000Z",1888.7265864436,1908.8985437958,1820.2114046073,1843.756477708,26056221.08,0,"2023-02-21T23:59:59.999Z"
"2023-02-20T00:00:00.000Z","2023-02-20T23:59:59.999Z","2023-02-20T09:54:00.000Z","2023-02-20T01:17:00.000Z",1859.086763664,1900.5051206279,1829.8106504013,1888.7124491322,16409077.7,0,"2023-02-20T23:59:59.999Z"
"2023-02-19T00:00:00.000Z","2023-02-19T23:59:59.999Z","2023-02-19T16:16:00.000Z","2023-02-19T20:21:00.000Z",1878.4273366759,1907.7519356523,1846.1441390624,1857.8059283697,13084670.68,0,"2023-02-19T23:59:59.999Z"
"2023-02-18T00:00:00.000Z","2023-02-18T23:59:59.999Z","2023-02-18T18:15:00.000Z","2023-02-18T20:46:00.000Z",1875.9237279286,1897.1120150097,1865.8972186024,1877.561410951,12538448.67,0,"2023-02-18T23:59:59.999Z"
"2023-02-17T00:00:00.000Z","2023-02-17T23:59:59.999Z","2023-02-17T21:02:00.000Z","2023-02-17T00:04:00.000Z",1823.7865449902,1900.5303595671,1815.3787068695,1875.9237279286,19743708.52,0,"2023-02-17T23:59:59.999Z"
"2023-02-16T00:00:00.000Z","2023-02-16T23:59:59.999Z","2023-02-16T16:05:00.000Z","2023-02-16T23:54:00.000Z",1848.7840117126,1925.3495432486,1810.777525115,1820.1690588944,25135660.22,0,"2023-02-16T23:59:59.999Z"
"2023-02-15T00:00:00.000Z","2023-02-15T23:59:59.999Z","2023-02-15T23:55:00.000Z","2023-02-15T03:04:00.000Z",1721.2736393619,1849.3830946537,1707.5510980992,1848.0866371729,14560505.89,0,"2023-02-15T23:59:59.999Z"
"2023-02-14T00:00:00.000Z","2023-02-14T23:59:59.999Z","2023-02-14T15:13:00.000Z","2023-02-14T01:37:00.000Z",1668.6060420025,1731.1527251061,1654.381049046,1721.748152869,22817474.77,0,"2023-02-14T23:59:59.999Z"
"2023-02-13T00:00:00.000Z","2023-02-13T23:59:59.999Z","2023-02-13T00:55:00.000Z","2023-02-13T16:40:00.000Z",1678.9554231471,1689.6068484533,1624.3638941191,1667.7696898695,27203049.53,0,"2023-02-13T23:59:59.999Z"
"2023-02-12T00:00:00.000Z","2023-02-12T23:59:59.999Z","2023-02-12T16:55:00.000Z","2023-02-12T22:10:00.000Z",1705.9375011121,1711.8440682881,1657.4967326971,1677.941506427,13104533.93,0,"2023-02-12T23:59:59.999Z"
"2023-02-11T00:00:00.000Z","2023-02-11T23:59:59.999Z","2023-02-11T23:31:00.000Z","2023-02-11T00:17:00.000Z",1684.4914158863,1710.3381242808,1672.0319791137,1706.5273240779,14705419.92,0,"2023-02-11T23:59:59.999Z"
"2023-02-10T00:00:00.000Z","2023-02-10T23:59:59.999Z","2023-02-10T08:19:00.000Z","2023-02-10T21:47:00.000Z",1707.4270420191,1720.1356169364,1668.2857748693,1684.5791930335,30529535.88,0,"2023-02-10T23:59:59.999Z"
"2023-02-09T00:00:00.000Z","2023-02-09T23:59:59.999Z","2023-02-09T01:04:00.000Z","2023-02-09T22:57:00.000Z",1829.9056410434,1835.4631939837,1691.6744311768,1707.5229477385,42035651.18,0,"2023-02-09T23:59:59.999Z"
"2023-02-08T00:00:00.000Z","2023-02-08T23:59:59.999Z","2023-02-08T01:14:00.000Z","2023-02-08T16:27:00.000Z",1850.8206400037,1877.3407279494,1803.4728473352,1827.353206682,18254960.53,0,"2023-02-08T23:59:59.999Z"
"2023-02-07T00:00:00.000Z","2023-02-07T23:59:59.999Z","2023-02-07T18:04:00.000Z","2023-02-07T00:02:00.000Z",1789.1567141253,1859.365378031,1786.9237960863,1850.257162647,23075451.72,0,"2023-02-07T23:59:59.999Z"
"2023-02-06T00:00:00.000Z","2023-02-06T23:59:59.999Z","2023-02-06T16:28:00.000Z","2023-02-06T05:33:00.000Z",1803.8090115332,1839.8194214557,1779.1833022543,1790.1297375154,14630560.78,0,"2023-02-06T23:59:59.999Z"
"2023-02-05T00:00:00.000Z","2023-02-05T23:59:59.999Z","2023-02-05T09:22:00.000Z","2023-02-05T21:09:00.000Z",1838.3420380635,1846.9287184831,1780.9884193903,1803.6614972954,12444903.16,0,"2023-02-05T23:59:59.999Z"
"2023-02-04T00:00:00.000Z","2023-02-04T23:59:59.999Z","2023-02-04T13:25:00.000Z","2023-02-04T05:29:00.000Z",1844.8440864341,1866.582686097,1817.4856861928,1836.8826671567,12297950.65,0,"2023-02-04T23:59:59.999Z"
"2023-02-03T00:00:00.000Z","2023-02-03T23:59:59.999Z","2023-02-03T17:46:00.000Z","2023-02-03T13:54:00.000Z",1812.9885463246,1851.6089629588,1800.0426384103,1844.7260710957,16282435.21,0,"2023-02-03T23:59:59.999Z"
"2023-02-02T00:00:00.000Z","2023-02-02T23:59:59.999Z","2023-02-02T18:46:00.000Z","2023-02-02T22:02:00.000Z",1809.7188630799,1888.4408682879,1802.2797403907,1812.4156849242,18647254.32,0,"2023-02-02T23:59:59.999Z"
"2023-02-01T00:00:00.000Z","2023-02-01T23:59:59.999Z","2023-02-01T21:10:00.000Z","2023-02-01T09:14:00.000Z",1754.1677317058,1816.4089770144,1728.3354129563,1809.7662184709,11752472.7,0,"2023-02-01T23:59:59.999Z"
"2023-01-31T00:00:00.000Z","2023-01-31T23:59:59.999Z","2023-01-31T16:40:00.000Z","2023-01-31T06:05:00.000Z",1732.6765372985,1766.354048727,1723.7079356093,1754.947925058,23290475.95,0,"2023-01-31T23:59:59.999Z"
"2023-01-30T00:00:00.000Z","2023-01-30T23:59:59.999Z","2023-01-30T00:18:00.000Z","2023-01-30T20:24:00.000Z",1821.2524918406,1824.9670370078,1707.6004766571,1733.2495525243,16469085.42,0,"2023-01-30T23:59:59.999Z"
"2023-01-29T00:00:00.000Z","2023-01-29T23:59:59.999Z","2023-01-29T23:29:00.000Z","2023-01-29T00:20:00.000Z",1735.0041835596,1826.8287768185,1727.7812113229,1821.0721157985,13321380.66,0,"2023-01-29T23:59:59.999Z"
"2023-01-28T00:00:00.000Z","2023-01-28T23:59:59.999Z","2023-01-28T00:49:00.000Z","2023-01-28T23:04:00.000Z",1764.3407066316,1774.4373084352,1720.1632442059,1735.0041835596,15758442.93,0,"2023-01-28T23:59:59.999Z"
"2023-01-27T00:00:00.000Z","2023-01-27T23:59:59.999Z","2023-01-27T20:11:00.000Z","2023-01-27T01:40:00.000Z",1770.1574686314,1792.1795995172,1723.8512629458,1764.6641956421,9480926.4,0,"2023-01-27T23:59:59.999Z"
"2023-01-26T00:00:00.000Z","2023-01-26T23:59:59.999Z","2023-01-26T01:00:00.000Z","2023-01-26T16:15:00.000Z",1778.6837973838,1790.3733544118,1751.6058307339,1770.8665447785,16963076.77,0,"2023-01-26T23:59:59.999Z"
"2023-01-25T00:00:00.000Z","2023-01-25T23:59:59.999Z","2023-01-25T22:11:00.000Z","2023-01-25T15:05:00.000Z",1721.8305217506,1799.7431352508,1686.5549073764,1777.8355076655,31322858.91,0,"2023-01-25T23:59:59.999Z"
"2023-01-24T00:00:00.000Z","2023-01-24T23:59:59.999Z","2023-01-24T02:02:00.000Z","2023-01-24T23:24:00.000Z",1802.9376361765,1816.1251526449,1706.5150997736,1721.7777598448,16290420.18,0,"2023-01-24T23:59:59.999Z"
"2023-01-23T00:00:00.000Z","2023-01-23T23:59:59.999Z","2023-01-23T14:54:00.000Z","2023-01-23T15:01:00.000Z",1791.8788108421,1816.1536754182,1767.3939929957,1803.5516846461,30114165.29,0,"2023-01-23T23:59:59.999Z"
"2023-01-22T00:00:00.000Z","2023-01-22T23:59:59.999Z","2023-01-22T17:40:00.000Z","2023-01-22T02:49:00.000Z",1796.6409712328,1827.4505734148,1772.0983609145,1793.0897489453,12806503.51,0,"2023-01-22T23:59:59.999Z"
"2023-01-21T00:00:00.000Z","2023-01-21T23:59:59.999Z","2023-01-21T10:23:00.000Z","2023-01-21T10:32:00.000Z",1830.021124868,1842.0875536007,1787.7018398397,1795.0174204773,15884856.73,0,"2023-01-21T23:59:59.999Z"
"2023-01-20T00:00:00.000Z","2023-01-20T23:59:59.999Z","2023-01-20T23:59:00.000Z","2023-01-20T07:01:00.000Z",1713.0936279318,1830.021124868,1695.9615519304,1830.021124868,14138911.8,0,"2023-01-20T23:59:59.999Z"
"2023-01-19T00:00:00.000Z","2023-01-19T23:59:59.999Z","2023-01-19T20:29:00.000Z","2023-01-19T12:08:00.000Z",1665.3899582424,1719.2738655349,1661.6570909427,1712.7753624703,25674378.9,0,"2023-01-19T23:59:59.999Z"
"2023-01-18T00:00:00.000Z","2023-01-18T23:59:59.999Z","2023-01-18T14:22:00.000Z","2023-01-18T16:47:00.000Z",1716.4862997807,1766.7912930282,1651.0357349379,1664.2992265385,18571583.81,0,"2023-01-18T23:59:59.999Z"
"2023-01-17T00:00:00.000Z","2023-01-17T23:59:59.999Z","2023-01-17T14:27:00.000Z","2023-01-17T01:15:00.000Z",1732.2925628988,1756.3695888666,1703.4763464442,1718.322943618,13510770.72,0,"2023-01-17T23:59:59.999Z"
"2023-01-16T00:00:00.000Z","2023-01-16T23:59:59.999Z","2023-01-16T19:47:00.000Z","2023-01-16T15:16:00.000Z",1704.4627970446,1753.9055141291,1677.8615127763,1732.2925628988,14855897.19,0,"2023-01-16T23:59:59.999Z"
"2023-01-15T00:00:00.000Z","2023-01-15T23:59:59.999Z","2023-01-15T17:30:00.000Z","2023-01-15T03:24:00.000Z",1701.5471332225,1712.8115703294,1666.4774599206,1703.7258536989,10531753.35,0,"2023-01-15T23:59:59.999Z"
"2023-01-14T00:00:00.000Z","2023-01-14T23:59:59.999Z","2023-01-14T08:49:00.000Z","2023-01-14T00:05:00.000Z",1591.8144424294,1714.8880384997,1591.5186216066,1701.252029371,18124713.42,0,"2023-01-14T23:59:59.999Z"
"2023-01-13T00:00:00.000Z","2023-01-13T23:59:59.999Z","2023-01-13T22:44:00.000Z","2023-01-13T01:36:00.000Z",1554.9721635317,1605.9681021829,1539.0770759219,1591.7967943576,10136710.14,0,"2023-01-13T23:59:59.999Z"
"2023-01-12T00:00:00.000Z","2023-01-12T23:59:59.999Z","2023-01-12T20:33:00.000Z","2023-01-12T14:47:00.000Z",1523.405375678,1572.7043795903,1507.9847197259,1554.9261423785,15747346.14,0,"2023-01-12T23:59:59.999Z"
"2023-01-11T00:00:00.000Z","2023-01-11T23:59:59.999Z","2023-01-11T23:59:00.000Z","2023-01-11T15:59:00.000Z",1463.0567929021,1523.405375678,1449.5159110649,1523.405375678,10706204.1,0,"2023-01-11T23:59:59.999Z"
"2023-01-10T00:00:00.000Z","2023-01-10T23:59:59.999Z","2023-01-10T20:25:00.000Z","2023-01-10T02:41:00.000Z",1448.0008316202,1471.8576839068,1443.0392600825,1463.0567929021,7916623.5,0,"2023-01-10T23:59:59.999Z"
"2023-01-09T00:00:00.000Z","2023-01-09T23:59:59.999Z","2023-01-09T17:27:00.000Z","2023-01-09T00:25:00.000Z",1409.8849994835,1471.3831996932,1408.1747124484,1447.3385523641,13787403.25,0,"2023-01-09T23:59:59.999Z"
"2023-01-08T00:00:00.000Z","2023-01-08T23:59:59.999Z","2023-01-08T23:58:00.000Z","2023-01-08T00:45:00.000Z",1383.4197818368,1413.9547689647,1378.3928996727,1413.9547689647,7583191.69,0,"2023-01-08T23:59:59.999Z"
"2023-01-07T00:00:00.000Z","2023-01-07T23:59:59.999Z","2023-01-07T20:02:00.000Z","2023-01-07T08:58:00.000Z",1380.4839490441,1385.118329827,1371.6413151579,1382.501861464,9142841.91,0,"2023-01-07T23:59:59.999Z"
"2023-01-06T00:00:00.000Z","2023-01-06T23:59:59.999Z","2023-01-06T22:09:00.000Z","2023-01-06T13:10:00.000Z",1363.5920136169,1385.681181704,1350.5253225228,1379.9396466668,8312886.18,0,"2023-01-06T23:59:59.999Z"
"2023-01-05T00:00:00.000Z","2023-01-05T23:59:59.999Z","2023-01-05T00:31:00.000Z","2023-01-05T14:49:00.000Z",1368.2605698673,1372.3648246771,1357.7947850066,1363.8417804988,7642461.94,0,"2023-01-05T23:59:59.999Z"
"2023-01-04T00:00:00.000Z","2023-01-04T23:59:59.999Z","2023-01-04T18:45:00.000Z","2023-01-04T01:02:00.000Z",1323.5903388057,1375.6180931552,1322.0119275211,1368.9618424477,12861703.31,0,"2023-01-04T23:59:59.999Z"
"2023-01-03T00:00:00.000Z","2023-01-03T23:59:59.999Z","2023-01-03T14:45:00.000Z","2023-01-03T19:14:00.000Z",1321.8842363354,1328.6865420739,1314.4646555062,1323.5903388057,8455669.82,0,"2023-01-03T23:59:59.999Z"
"2023-01-02T00:00:00.000Z","2023-01-02T23:59:59.999Z","2023-01-02T21:04:00.000Z","2023-01-02T01:21:00.000Z",1306.7932000188,1329.4096232148,1299.8961772721,1322.2446328022,7158158.34,0,"2023-01-02T23:59:59.999Z"
"2023-01-01T00:00:00.000Z","2023-01-01T23:59:59.999Z","2023-01-01T19:36:00.000Z","2023-01-01T04:24:00.000Z",1302.2337757848,1310.4348945602,1296.7189206311,1306.7932000188,4358004.66,0,"2023-01-01T23:59:59.999Z"
"2022-12-31T00:00:00.000Z","2022-12-31T23:59:59.999Z","2022-12-31T14:31:00.000Z","2022-12-31T19:27:00.000Z",1307.4441581332,1315.523521499,1298.7121438802,1301.491401555,28021544.31,0,"2022-12-31T23:59:59.999Z"
"2022-12-30T00:00:00.000Z","2022-12-30T23:59:59.999Z","2022-12-30T00:40:00.000Z","2022-12-30T14:52:00.000Z",1309.4144873728,1310.3437237807,1292.3320562409,1306.6674633456,6425613.15,0,"2022-12-30T23:59:59.999Z"
"2022-12-29T00:00:00.000Z","2022-12-29T23:59:59.999Z","2022-12-29T15:13:00.000Z","2022-12-29T02:34:00.000Z",1297.7503371728,1313.9538105581,1295.5957141304,1309.4144873728,8138578.06,0,"2022-12-29T23:59:59.999Z"
"2022-12-28T00:00:00.000Z","2022-12-28T23:59:59.999Z","2022-12-28T01:35:00.000Z","2022-12-28T21:43:00.000Z",1322.4385885555,1324.7115300875,1291.8895667968,1297.7503371728,8135434.09,0,"2022-12-28T23:59:59.999Z"
"2022-12-27T00:00:00.000Z","2022-12-27T23:59:59.999Z","2022-12-27T00:02:00.000Z","2022-12-27T17:46:00.000Z",1339.5916897181,1344.9278530543,1315.2115726434,1322.5916577619,6739622.36,0,"2022-12-27T23:59:59.999Z"
"2022-12-26T00:00:00.000Z","2022-12-26T23:59:59.999Z","2022-12-26T23:58:00.000Z","2022-12-26T18:16:00.000Z",1329.6134775673,1340.7291575157,1324.9006907395,1339.7233846402,4568513.61,0,"2022-12-26T23:59:59.999Z"
"2022-12-25T00:00:00.000Z","2022-12-25T23:59:59.999Z","2022-12-25T01:38:00.000Z","2022-12-25T19:26:00.000Z",1331.8255144329,1334.7296503195,1312.0582059941,1328.6088965742,6954394.38,0,"2022-12-25T23:59:59.999Z"
"2022-12-24T00:00:00.000Z","2022-12-24T23:59:59.999Z","2022-12-24T19:54:00.000Z","2022-12-24T17:25:00.000Z",1331.5488270843,1335.5423851247,1323.2292476237,1331.8255144329,3616074.58,0,"2022-12-24T23:59:59.999Z"
"2022-12-23T00:00:00.000Z","2022-12-23T23:59:59.999Z","2022-12-23T15:47:00.000Z","2022-12-23T01:26:00.000Z",1320.522895243,1335.3002814198,1316.1941607072,1331.80219559,8732879.09,0,"2022-12-23T23:59:59.999Z"
"2022-12-22T00:00:00.000Z","2022-12-22T23:59:59.999Z","2022-12-22T20:23:00.000Z","2022-12-22T18:07:00.000Z",1320.3862078,1330.5865054418,1286.4761610275,1321.4828135119,11714622.2,0,"2022-12-22T23:59:59.999Z"
"2022-12-21T00:00:00.000Z","2022-12-21T23:59:59.999Z","2022-12-21T14:49:00.000Z","2022-12-21T05:17:00.000Z",1325.5969811548,1326.9739941017,1309.4524092745,1319.9316995119,8856622.1,0,"2022-12-21T23:59:59.999Z"
"2022-12-20T00:00:00.000Z","2022-12-20T23:59:59.999Z","2022-12-20T15:34:00.000Z","2022-12-20T00:16:00.000Z",1262.1635339049,1331.4004838766,1257.8812078358,1326.1543339435,11114837.25,0,"2022-12-20T23:59:59.999Z"
"2022-12-19T00:00:00.000Z","2022-12-19T23:59:59.999Z","2022-12-19T14:40:00.000Z","2022-12-19T22:38:00.000Z",1280.9729706752,1295.1773127846,1251.1076368919,1262.1635339049,8772707.98,0,"2022-12-19T23:59:59.999Z"
"2022-12-18T00:00:00.000Z","2022-12-18T23:59:59.999Z","2022-12-18T04:32:00.000Z","2022-12-18T16:00:00.000Z",1291.5820842833,1301.29492889,1272.301169035,1280.9729706752,6014742.16,0,"2022-12-18T23:59:59.999Z"
"2022-12-17T00:00:00.000Z","2022-12-17T23:59:59.999Z","2022-12-17T23:52:00.000Z","2022-12-17T02:29:00.000Z",1276.0055678902,1293.4804779569,1265.4141259861,1291.3590393267,9342351.51,0,"2022-12-17T23:59:59.999Z"
"2022-12-16T00:00:00.000Z","2022-12-16T23:59:59.999Z","2022-12-16T07:18:00.000Z","2022-12-16T23:35:00.000Z",1380.4388444827,1389.0226035358,1265.2415392651,1276.399757421,15174959.04,0,"2022-12-16T23:59:59.999Z"
"2022-12-15T00:00:00.000Z","2022-12-15T23:59:59.999Z","2022-12-15T00:16:00.000Z","2022-12-15T22:07:00.000Z",1426.1698990872,1428.2202082466,1374.5047884817,1378.6908878515,8184527.86,0,"2022-12-15T23:59:59.999Z"
"2022-12-14T00:00:00.000Z","2022-12-14T23:59:59.999Z","2022-12-14T18:59:00.000Z","2022-12-15T01:59:00.000Z",1436.4157186724,1465.9983483001,1399.7350350161,1399.7350350161,15034175.5,0,"2022-12-14T23:59:59.999Z"
"2022-12-13T00:00:00.000Z","2022-12-13T23:59:59.999Z","2022-12-13T14:23:00.000Z","2022-12-13T07:20:00.000Z",1389.1687600418,1461.3291666455,1371.1324735049,1434.4343121976,12216731.14,0,"2022-12-13T23:59:59.999Z"
"2022-12-12T00:00:00.000Z","2022-12-12T23:59:59.999Z","2022-12-12T22:11:00.000Z","2022-12-12T04:09:00.000Z",1375.1067299901,1391.8818500636,1349.5511063039,1389.0908864846,11289026.63,0,"2022-12-12T23:59:59.999Z"
"2022-12-11T00:00:00.000Z","2022-12-11T23:59:59.999Z","2022-12-11T19:03:00.000Z","2022-12-11T22:40:00.000Z",1380.2111556937,1396.9782905322,1371.2548700238,1375.1067299901,5999441.8,0,"2022-12-11T23:59:59.999Z"
"2022-12-10T00:00:00.000Z","2022-12-10T23:59:59.999Z","2022-12-10T15:59:00.000Z","2022-12-10T09:33:00.000Z",1376.690255974,1392.1936543112,1370.1314918662,1380.2111556937,3900719.72,0,"2022-12-10T23:59:59.999Z"
"2022-12-09T00:00:00.000Z","2022-12-09T23:59:59.999Z","2022-12-09T12:43:00.000Z","2022-12-09T22:24:00.000Z",1392.5912699736,1404.9115724588,1367.2642955298,1376.690255974,10520965.09,0,"2022-12-09T23:59:59.999Z"
"2022-12-08T00:00:00.000Z","2022-12-08T23:59:59.999Z","2022-12-08T23:01:00.000Z","2022-12-08T01:40:00.000Z",1336.813319345,1397.6766105235,1324.8923589302,1392.5912699736,9179700.7,0,"2022-12-08T23:59:59.999Z"
"2022-12-07T00:00:00.000Z","2022-12-07T23:59:59.999Z","2022-12-07T00:00:00.000Z","2022-12-07T08:04:00.000Z",1383.7696055256,1383.7696055256,1326.2209858641,1336.813319345,8648752.52,0,"2022-12-07T23:59:59.999Z"
"2022-12-06T00:00:00.000Z","2022-12-06T23:59:59.999Z","2022-12-06T23:57:00.000Z","2022-12-06T19:14:00.000Z",1369.384223548,1384.4575281347,1351.6075351164,1381.0616588801,10440414.48,0,"2022-12-06T23:59:59.999Z"
"2022-12-05T00:00:00.000Z","2022-12-05T23:59:59.999Z","2022-12-05T08:44:00.000Z","2022-12-05T19:35:00.000Z",1393.451252863,1417.935356251,1358.3646387167,1369.384223548,10043332.75,0,"2022-12-05T23:59:59.999Z"
"2022-12-04T00:00:00.000Z","2022-12-04T23:59:59.999Z","2022-12-04T23:52:00.000Z","2022-12-04T00:03:00.000Z",1350.3213136645,1394.2973649414,1348.7876639386,1394.0531232962,7293618.74,0,"2022-12-04T23:59:59.999Z"
"2022-12-03T00:00:00.000Z","2022-12-03T23:59:59.999Z","2022-12-03T00:06:00.000Z","2022-12-03T23:35:00.000Z",1407.3053236876,1414.2284396814,1347.3918604965,1349.2662362026,6301444.31,0,"2022-12-03T23:59:59.999Z"
"2022-12-02T00:00:00.000Z","2022-12-02T23:59:59.999Z","2022-12-02T23:58:00.000Z","2022-12-02T02:15:00.000Z",1387.1821795574,1408.4184304898,1377.9280017503,1408.4184304898,8489674.04,0,"2022-12-02T23:59:59.999Z"
"2022-12-01T00:00:00.000Z","2022-12-01T23:59:59.999Z","2022-12-01T00:04:00.000Z","2022-12-01T15:19:00.000Z",1407.6932697184,1408.9224847878,1376.068043854,1386.23070708,8971516.64,0,"2022-12-01T23:59:59.999Z"
"2022-11-30T00:00:00.000Z","2022-11-30T23:59:59.999Z","2022-11-30T23:23:00.000Z","2022-11-30T00:16:00.000Z",1320.8831831732,1417.2166526035,1319.7952770705,1407.6932697184,16759750.41,0,"2022-11-30T23:59:59.999Z"
"2022-11-29T00:00:00.000Z","2022-11-29T23:59:59.999Z","2022-11-29T23:01:00.000Z","2022-11-29T00:20:00.000Z",1262.4592890832,1328.9664977385,1257.1211692047,1320.8831831732,17615339.13,0,"2022-11-29T23:59:59.999Z"
"2022-11-28T00:00:00.000Z","2022-11-28T23:59:59.999Z","2022-11-28T00:46:00.000Z","2022-11-28T16:22:00.000Z",1289.031602564,1295.4166804678,1248.3835253033,1262.888809184,4996481.05,0,"2022-11-28T23:59:59.999Z"
"2022-11-27T00:00:00.000Z","2022-11-27T23:59:59.999Z","2022-11-27T04:49:00.000Z","2022-11-27T23:56:00.000Z",1298.7275988873,1317.4852423028,1287.6699203316,1289.031602564,3445012.82,0,"2022-11-27T23:59:59.999Z"
"2022-11-26T00:00:00.000Z","2022-11-26T23:59:59.999Z","2022-11-26T14:43:00.000Z","2022-11-26T00:23:00.000Z",1291.201721969,1324.2852187231,1289.6035091189,1299.532934137,2888956.04,0,"2022-11-26T23:59:59.999Z"
"2022-11-25T00:00:00.000Z","2022-11-25T23:59:59.999Z","2022-11-25T20:32:00.000Z","2022-11-25T05:16:00.000Z",1293.7367642916,1297.8977903938,1255.2603707083,1291.313016552,4942843.93,0,"2022-11-25T23:59:59.999Z"
"2022-11-24T00:00:00.000Z","2022-11-24T23:59:59.999Z","2022-11-24T07:05:00.000Z","2022-11-24T00:57:00.000Z",1278.9588267742,1311.5370481379,1275.1784801847,1293.7367642916,44891175.5,0,"2022-11-24T23:59:59.999Z"
"2022-11-23T00:00:00.000Z","2022-11-23T23:59:59.999Z","2022-11-23T23:48:00.000Z","2022-11-23T01:31:00.000Z",1226.8758320405,1281.5837261399,1219.5091315024,1278.87161948,7206018.41,0,"2022-11-23T23:59:59.999Z"
"2022-11-22T00:00:00.000Z","2022-11-22T23:59:59.999Z","2022-11-22T16:05:00.000Z","2022-11-22T08:19:00.000Z",1197.3339419465,1230.7175945251,1166.592321236,1227.0591967469,6470243.22,0,"2022-11-22T23:59:59.999Z"
"2022-11-21T00:00:00.000Z","2022-11-21T23:59:59.999Z","2022-11-21T00:02:00.000Z","2022-11-21T19:46:00.000Z",1238.7226486275,1239.7975647102,1169.6474501165,1197.2086958658,19611877.72,0,"2022-11-21T23:59:59.999Z"
"2022-11-20T00:00:00.000Z","2022-11-20T23:59:59.999Z","2022-11-20T01:05:00.000Z","2022-11-20T23:09:00.000Z",1321.680348249,1327.6371288264,1232.5396218989,1239.2471698461,2547341.37,0,"2022-11-20T23:59:59.999Z"
"2022-11-19T00:00:00.000Z","2022-11-19T23:59:59.999Z","2022-11-19T22:34:00.000Z","2022-11-19T05:26:00.000Z",1313.8530000801,1331.1413168486,1299.618356359,1321.680348249,1560626.53,0,"2022-11-19T23:59:59.999Z"
"2022-11-18T00:00:00.000Z","2022-11-18T23:59:59.999Z","2022-11-18T03:05:00.000Z","2022-11-18T00:02:00.000Z",1303.1066156443,1334.5511885458,1301.7527627805,1314.8141597922,9344674.23,0,"2022-11-18T23:59:59.999Z"
"2022-11-17T00:00:00.000Z","2022-11-17T23:59:59.999Z","2022-11-17T01:19:00.000Z","2022-11-17T09:53:00.000Z",1320.0692250534,1334.0507872493,1288.3022825705,1302.7451960083,8544237.42,0,"2022-11-17T23:59:59.999Z"
"2022-11-16T00:00:00.000Z","2022-11-16T23:59:59.999Z","2022-11-16T02:34:00.000Z","2022-11-16T16:04:00.000Z",1360.0899814334,1374.8328755357,1290.7688272127,1320.9031221336,9752761.07,0,"2022-11-16T23:59:59.999Z"
"2022-11-15T00:00:00.000Z","2022-11-15T23:59:59.999Z","2022-11-15T13:34:00.000Z","2022-11-15T01:09:00.000Z",1344.8949266556,1395.8617610699,1340.9662887373,1359.6725886631,10382894.7,0,"2022-11-15T23:59:59.999Z"
"2022-11-14T00:00:00.000Z","2022-11-14T23:59:59.999Z","2022-11-14T13:31:00.000Z","2022-11-14T05:48:00.000Z",1322.1972992234,1391.1298678232,1270.6445932589,1344.753621799,18137912.13,0,"2022-11-14T23:59:59.999Z"
"2022-11-13T00:00:00.000Z","2022-11-13T23:59:59.999Z","2022-11-13T04:11:00.000Z","2022-11-13T21:05:00.000Z",1356.6482343213,1376.4999555792,1306.4942879596,1321.8965409874,8494381.11,0,"2022-11-13T23:59:59.999Z"
"2022-11-12T00:00:00.000Z","2022-11-12T23:59:59.999Z","2022-11-12T00:04:00.000Z","2022-11-12T05:50:00.000Z",1395.1732296576,1397.5267465048,1340.8964777423,1355.661432269,29687081.78,0,"2022-11-12T23:59:59.999Z"
"2022-11-11T00:00:00.000Z","2022-11-11T23:59:59.999Z","2022-11-11T01:11:00.000Z","2022-11-11T14:33:00.000Z",1411.9490619974,1420.3849512015,1314.6633587298,1395.2665840548,10574137.76,0,"2022-11-11T23:59:59.999Z"
"2022-11-10T00:00:00.000Z","2022-11-10T23:59:59.999Z","2022-11-10T16:31:00.000Z","2022-11-10T00:06:00.000Z",1186.4084236974,1463.6235213188,1178.4290054591,1413.3229667941,30969593.4,0,"2022-11-10T23:59:59.999Z"
"2022-11-09T00:00:00.000Z","2022-11-09T23:59:59.999Z","2022-11-09T00:34:00.000Z","2022-11-09T23:39:00.000Z",1447.3587951792,1449.8474948807,1160.3873526243,1189.2151439696,20329244.43,0,"2022-11-09T23:59:59.999Z"
"2022-11-08T00:00:00.000Z","2022-11-08T23:59:59.999Z","2022-11-08T02:49:00.000Z","2022-11-08T19:35:00.000Z",1721.0808001949,1723.362915944,1367.4164733705,1447.3587951792,36346001.4,0,"2022-11-08T23:59:59.999Z"
"2022-11-07T00:00:00.000Z","2022-11-07T23:59:59.999Z","2022-11-07T20:20:00.000Z","2022-11-07T23:57:00.000Z",1729.8027947093,1772.9234838635,1720.8093894234,1721.0808001949,3074.29,0,"2022-11-07T23:59:59.999Z"
"2022-11-06T00:00:00.000Z","2022-11-06T23:59:59.999Z","2022-11-06T02:04:00.000Z","2022-11-06T23:58:00.000Z",1793.5307177528,1795.0205139821,1729.5448245427,1730.2447067609,987.99,0,"2022-11-06T23:59:59.999Z"
"2022-11-05T00:00:00.000Z","2022-11-05T23:59:59.999Z","2022-11-05T00:47:00.000Z","2022-11-05T00:05:00.000Z",1773.5225599993,1820.3437656444,1770.7567141971,1793.3141057408,19907,0,"2022-11-05T23:59:59.999Z"
"2022-11-04T00:00:00.000Z","2022-11-04T23:59:59.999Z","2022-11-04T15:28:00.000Z","2022-11-04T05:44:00.000Z",1695.5636792755,1777.2633622015,1692.1488866144,1774.5377204084,2545.99,0,"2022-11-04T23:59:59.999Z"
"2022-11-03T00:00:00.000Z","2022-11-03T23:59:59.999Z","2022-11-03T21:57:00.000Z","2022-11-03T17:22:00.000Z",1665.4734756167,1713.2189137909,1661.5462670388,1695.6828647107,1333.12,0,"2022-11-03T23:59:59.999Z"
"2022-11-02T00:00:00.000Z","2022-11-02T23:59:59.999Z","2022-11-02T05:02:00.000Z","2022-11-02T22:55:00.000Z",1739.9507150184,1743.9854562585,1663.1875344157,1665.4734756167,2778.68,0,"2022-11-02T23:59:59.999Z"
"2022-11-01T00:00:00.000Z","2022-11-01T23:59:59.999Z","2022-11-01T15:52:00.000Z","2022-11-01T11:06:00.000Z",1708.4533930741,2051.237274644,1697.2366617443,1739.9507150184,20939.87,0,"2022-11-01T23:59:59.999Z"
"2022-10-31T00:00:00.000Z","2022-10-31T23:59:59.999Z","2022-10-31T17:33:00.000Z","2022-10-31T22:37:00.000Z",1743.9002704699,1905.8893615184,1704.3716532685,1708.4533930741,11953.94,0,"2022-10-31T23:59:59.999Z"
"2022-10-30T00:00:00.000Z","2022-10-30T23:59:59.999Z","2022-10-30T02:55:00.000Z","2022-10-30T22:53:00.000Z",1759.5571309232,1760.4962258854,1740.6048403178,1743.9002704699,416.46,0,"2022-10-30T23:59:59.999Z"
"2022-10-29T00:00:00.000Z","2022-10-29T23:59:59.999Z","2022-10-29T01:26:00.000Z","2022-10-29T00:15:00.000Z",1689.2079552794,1889.8765416748,1688.7660176459,1759.5571309232,13167.6,0,"2022-10-29T23:59:59.999Z"
"2022-10-28T00:00:00.000Z","2022-10-28T23:59:59.999Z","2022-10-28T22:50:00.000Z","2022-10-28T10:42:00.000Z",1671.6347872721,1692.0444618049,1642.9599332737,1689.2079552794,1357.61,0,"2022-10-28T23:59:59.999Z"
"2022-10-27T00:00:00.000Z","2022-10-27T23:59:59.999Z","2022-10-27T08:21:00.000Z","2022-10-27T22:20:00.000Z",1710.051275594,1842.4693200456,1670.1044694956,1671.6347872721,9256.31,0,"2022-10-27T23:59:59.999Z"
"2022-10-26T00:00:00.000Z","2022-10-26T23:59:59.999Z","2022-10-26T20:41:00.000Z","2022-10-26T02:41:00.000Z",1613.5235777491,1712.4505648114,1611.8621539295,1710.051275594,2744.42,0,"2022-10-26T23:59:59.999Z"
"2022-10-25T00:00:00.000Z","2022-10-25T23:59:59.999Z","2022-10-25T19:55:00.000Z","2022-10-25T05:11:00.000Z",1463.5814723913,1636.3401931442,1452.9953991809,1614.0434289653,4263.42,0,"2022-10-25T23:59:59.999Z"
"2022-10-24T00:00:00.000Z","2022-10-24T23:59:59.999Z","2022-10-24T00:32:00.000Z","2022-10-24T23:47:00.000Z",1480.3535643149,1481.0520148681,1462.415191772,1463.5814723913,345.83,0,"2022-10-24T23:59:59.999Z"
"2022-10-23T00:00:00.000Z","2022-10-23T23:59:59.999Z","2022-10-23T22:46:00.000Z","2022-10-23T12:28:00.000Z",1431.0079605615,1481.3919140763,1402.7581126645,1480.0761816786,1308.44,0,"2022-10-23T23:59:59.999Z"
"2022-10-22T00:00:00.000Z","2022-10-22T23:59:59.999Z","2022-10-22T21:10:00.000Z","2022-10-22T03:02:00.000Z",1399.3858159941,1436.1826618196,1398.2529797969,1430.9418237856,0,0,"2022-10-22T23:59:59.999Z"
"2022-10-21T00:00:00.000Z","2022-10-21T23:59:59.999Z","2022-10-21T02:26:00.000Z","2022-10-21T12:19:00.000Z",1399.7622208655,1400.6474601443,1379.3492710667,1399.3411899954,1118.96,0,"2022-10-21T23:59:59.999Z"
"2022-10-20T00:00:00.000Z","2022-10-20T23:59:59.999Z","2022-10-20T07:27:00.000Z","2022-10-20T10:22:00.000Z",1394.7028637933,1428.720296532,1393.0629149216,1399.8430122578,2772.55,0,"2022-10-20T23:59:59.999Z"
"2022-10-19T00:00:00.000Z","2022-10-19T23:59:59.999Z","2022-10-19T15:18:00.000Z","2022-10-19T23:50:00.000Z",1419.9693928151,1420.9636719457,1393.3142169536,1395.1619571357,264.51,0,"2022-10-19T23:59:59.999Z"
"2022-10-18T00:00:00.000Z","2022-10-18T23:59:59.999Z","2022-10-18T12:40:00.000Z","2022-10-18T19:02:00.000Z",1432.1020986475,1445.0870709408,1418.7554768158,1419.8076146006,798.46,0,"2022-10-18T23:59:59.999Z"
"2022-10-17T00:00:00.000Z","2022-10-17T23:59:59.999Z","2022-10-17T15:43:00.000Z","2022-10-17T00:29:00.000Z",1415.2503946189,1433.6617382321,1414.2320539523,1432.0949878425,132.84,0,"2022-10-17T23:59:59.999Z"
"2022-10-16T00:00:00.000Z","2022-10-16T23:59:59.999Z","2022-10-16T20:04:00.000Z","2022-10-16T14:14:00.000Z",1394.4784066773,1435.235347267,1375.8947905142,1415.2513890243,465.67,0,"2022-10-16T23:59:59.999Z"
"2022-10-15T00:00:00.000Z","2022-10-15T23:59:59.999Z","2022-10-15T09:49:00.000Z","2022-10-15T16:48:00.000Z",1411.1280053688,1411.3076909724,1393.7351259476,1394.5488939497,39.94,0,"2022-10-15T23:59:59.999Z"
"2022-10-14T00:00:00.000Z","2022-10-14T23:59:59.999Z","2022-10-14T03:03:00.000Z","2022-10-14T00:16:00.000Z",1374.8534172207,1435.9673748356,1374.5355313142,1411.1130505128,1603.63,0,"2022-10-14T23:59:59.999Z"
"2022-10-13T00:00:00.000Z","2022-10-13T23:59:59.999Z","2022-10-13T03:40:00.000Z","2022-10-13T12:33:00.000Z",1404.5840451503,1406.1244223856,1215.220869649,1374.8350045303,11433.51,0,"2022-10-13T23:59:59.999Z"
"2022-10-12T00:00:00.000Z","2022-10-12T23:59:59.999Z","2022-10-12T00:49:00.000Z","2022-10-12T07:30:00.000Z",1404.7035990314,1413.7212914079,1399.4415597788,1404.6589705429,137.48,0,"2022-10-12T23:59:59.999Z"
"2022-10-11T00:00:00.000Z","2022-10-11T23:59:59.999Z","2022-10-11T00:23:00.000Z","2022-10-11T02:07:00.000Z",1412.6991693127,1413.3688899676,1403.4458928039,1404.7036528839,31.93,0,"2022-10-11T23:59:59.999Z"
"2022-10-10T00:00:00.000Z","2022-10-10T23:59:59.999Z","2022-10-10T00:01:00.000Z","2022-10-10T23:57:00.000Z",1442.4048055632,1442.4347052435,1411.9057925243,1412.7225460531,613.88,0,"2022-10-10T23:59:59.999Z"
"2022-10-09T00:00:00.000Z","2022-10-09T23:59:59.999Z","2022-10-09T06:03:00.000Z","2022-10-09T22:41:00.000Z",1442.4489884592,1442.917729677,1441.2655378569,1442.4126184353,0,0,"2022-10-09T23:59:59.999Z"
"2022-10-08T00:00:00.000Z","2022-10-08T23:59:59.999Z","2022-10-08T10:19:00.000Z","2022-10-08T22:02:00.000Z",1455.8724932633,1456.5361710082,1440.9106582055,1442.2360920292,148.28,0,"2022-10-08T23:59:59.999Z"
"2022-10-07T00:00:00.000Z","2022-10-07T23:59:59.999Z","2022-10-07T03:10:00.000Z","2022-10-07T15:58:00.000Z",1486.2832132311,1487.2059722902,1454.4801269472,1455.7619470614,559.22,0,"2022-10-07T23:59:59.999Z"
"2022-10-06T00:00:00.000Z","2022-10-06T23:59:59.999Z","2022-10-06T02:11:00.000Z","2022-10-06T00:15:00.000Z",1457.6742111998,1490.0939369868,1457.5128240689,1486.1691740147,1088.98,0,"2022-10-06T23:59:59.999Z"
"2022-10-05T00:00:00.000Z","2022-10-05T23:59:59.999Z","2022-10-05T10:32:00.000Z","2022-10-05T13:32:00.000Z",1465.0787823581,1467.2495231572,1456.4894603572,1457.5346127951,300.53,0,"2022-10-05T23:59:59.999Z"
"2022-10-04T00:00:00.000Z","2022-10-04T23:59:59.999Z","2022-10-04T23:55:00.000Z","2022-10-04T06:13:00.000Z",1429.0600532256,1465.6135637514,1427.9364331288,1465.1869268445,748.59,0,"2022-10-04T23:59:59.999Z"
"2022-10-03T00:00:00.000Z","2022-10-03T23:59:59.999Z","2022-10-03T06:09:00.000Z","2022-10-03T00:07:00.000Z",1390.6906277081,2968.1206127924,1390.0133963708,1429.1366173305,110575.96,0,"2022-10-03T23:59:59.999Z"
"2022-10-02T00:00:00.000Z","2022-10-02T23:59:59.999Z","2022-10-02T05:34:00.000Z","2022-10-02T23:40:00.000Z",1428.3866961456,1429.4290740244,1389.5320659802,1390.4954726948,754.23,0,"2022-10-02T23:59:59.999Z"
"2022-10-01T00:00:00.000Z","2022-10-01T23:59:59.999Z","2022-10-01T06:01:00.000Z","2022-10-01T23:19:00.000Z",1451.8949420225,1452.2391203145,1427.9868636479,1428.3769420914,520.03,0,"2022-10-01T23:59:59.999Z"
"2022-09-30T00:00:00.000Z","2022-09-30T23:59:59.999Z","2022-09-30T15:17:00.000Z","2022-09-30T12:34:00.000Z",1442.6887561919,1474.4608899011,1441.1011388083,1459.2128273658,1021.48,0,"2022-09-30T23:59:59.999Z"
"2022-09-29T00:00:00.000Z","2022-09-29T23:59:59.999Z","2022-09-29T13:31:00.000Z","2022-09-29T13:51:00.000Z",1439.1688860787,1453.8855681054,1428.34004558,1442.9711508482,1183.84,0,"2022-09-29T23:59:59.999Z"
"2022-09-28T00:00:00.000Z","2022-09-28T23:59:59.999Z","2022-09-28T20:17:00.000Z","2022-09-28T02:43:00.000Z",1435.8785261145,1441.3887152159,1403.8667353863,1439.0522597367,2108.98,0,"2022-09-28T23:59:59.999Z"
"2022-09-27T00:00:00.000Z","2022-09-27T23:59:59.999Z","2022-09-27T13:39:00.000Z","2022-09-27T18:25:00.000Z",1436.5458395135,1496.4595392727,1433.337188455,1436.1286602719,2430.88,0,"2022-09-27T23:59:59.999Z"
"2022-09-26T00:00:00.000Z","2022-09-26T23:59:59.999Z","2022-09-26T23:58:00.000Z","2022-09-26T00:09:00.000Z",1362.2802080934,1436.3576414758,1360.8396975616,1435.969655713,1108.3,0,"2022-09-26T23:59:59.999Z"
"2022-09-25T00:00:00.000Z","2022-09-25T23:59:59.999Z","2022-09-25T07:22:00.000Z","2022-09-25T22:08:00.000Z",1388.8109531607,1402.2001627858,1345.8049312883,1362.8167194392,159851.2,0,"2022-09-25T23:59:59.999Z"
"2022-09-24T00:00:00.000Z","2022-09-24T23:59:59.999Z","2022-09-24T14:28:00.000Z","2022-09-24T22:53:00.000Z",1397.3510483415,1415.056164846,1383.8350957659,1389.3151979327,55742.86,0,"2022-09-24T23:59:59.999Z"
"2022-09-23T00:00:00.000Z","2022-09-23T23:59:59.999Z","2022-09-23T04:57:00.000Z","2022-09-23T14:05:00.000Z",1399.3457643459,1423.5368441101,1340.6818174028,1397.6563725861,93097.25,0,"2022-09-23T23:59:59.999Z"
"2022-09-22T00:00:00.000Z","2022-09-22T23:59:59.999Z","2022-09-22T23:13:00.000Z","2022-09-22T00:29:00.000Z",1318.858391421,1407.409559282,1307.2668209819,1399.3242753678,144892.77,0,"2022-09-22T23:59:59.999Z"
"2022-09-21T00:00:00.000Z","2022-09-21T23:59:59.999Z","2022-09-21T18:49:00.000Z","2022-09-21T22:22:00.000Z",1394.7968883255,1450.0487466741,1297.1461091649,1319.5009589855,124953.67,0,"2022-09-21T23:59:59.999Z"
"2022-09-20T00:00:00.000Z","2022-09-20T23:59:59.999Z","2022-09-20T00:11:00.000Z","2022-09-20T22:19:00.000Z",1449.5168327524,1454.4042220824,1391.5183228096,1395.0095663812,268282.11,0,"2022-09-20T23:59:59.999Z"
"2022-09-19T00:00:00.000Z","2022-09-19T23:59:59.999Z","2022-09-19T23:00:00.000Z","2022-09-19T07:16:00.000Z",1407.5896888111,1458.0011057184,1358.7061472308,1450.5407334191,236769.07,0,"2022-09-19T23:59:59.999Z"
"2022-09-18T00:00:00.000Z","2022-09-18T23:59:59.999Z","2022-09-18T00:00:00.000Z","2022-09-18T22:12:00.000Z",1545.1569682477,1545.1569682477,1404.9355779209,1406.566196795,477897.74,0,"2022-09-18T23:59:59.999Z"
"2022-09-17T00:00:00.000Z","2022-09-17T23:59:59.999Z","2022-09-17T18:11:00.000Z","2022-09-17T12:22:00.000Z",1507.9425773489,1546.9340793132,1492.3004040336,1544.4181975887,222973.01,0,"2022-09-17T23:59:59.999Z"
"2022-09-16T00:00:00.000Z","2022-09-16T23:59:59.999Z","2022-09-16T01:02:00.000Z","2022-09-16T18:23:00.000Z",1550.6515522697,1555.1129533124,1492.6755290499,1507.8583255038,314322.27,0,"2022-09-16T23:59:59.999Z"
"2022-09-15T00:00:00.000Z","2022-09-15T23:59:59.999Z","2022-09-15T00:27:00.000Z","2022-09-15T23:12:00.000Z",1719.1185462592,1729.6494980561,1547.0537031024,1549.3505378067,426309.67,0,"2022-09-15T23:59:59.999Z"
"2022-09-14T00:00:00.000Z","2022-09-14T23:59:59.999Z","2022-09-14T23:11:00.000Z","2022-09-14T00:25:00.000Z",1658.5171873895,1723.085667313,1647.3670845002,1719.1200481631,66735.88,0,"2022-09-14T23:59:59.999Z"
"2022-09-13T00:00:00.000Z","2022-09-13T23:59:59.999Z","2022-09-13T12:33:00.000Z","2022-09-14T00:25:00.000Z",1809.2408992053,1836.9023894804,1647.3670845002,1658.9589552099,97678.13,0,"2022-09-13T23:59:59.999Z"
"2022-09-12T00:00:00.000Z","2022-09-12T23:59:59.999Z","2022-09-12T01:55:00.000Z","2022-09-12T16:22:00.000Z",1854.4732908321,1868.8445394021,1799.1489531124,1808.818877427,63155.08,0,"2022-09-12T23:59:59.999Z"
"2022-09-11T00:00:00.000Z","2022-09-11T23:59:59.999Z","2022-09-11T17:44:00.000Z","2022-09-11T21:59:00.000Z",1867.8617884633,1874.614406535,1833.5247117613,1854.0248000479,55836.53,0,"2022-09-11T23:59:59.999Z"
"2022-09-10T00:00:00.000Z","2022-09-10T23:59:59.999Z","2022-09-10T23:39:00.000Z","2022-09-10T00:43:00.000Z",1803.4371737811,1872.2631399494,1799.0952259821,1867.5230324581,117975.39,0,"2022-09-10T23:59:59.999Z"
"2022-09-09T00:00:00.000Z","2022-09-09T23:59:59.999Z","2022-09-09T12:49:00.000Z","2022-09-09T00:08:00.000Z",1713.5747577208,1811.1149926471,1712.3327645775,1803.2683712456,72459.12,0,"2022-09-09T23:59:59.999Z"
"2022-09-08T00:00:00.000Z","2022-09-08T23:59:59.999Z","2022-09-08T20:19:00.000Z","2022-09-08T07:35:00.000Z",1697.3296028513,1724.7848197874,1673.4263301607,1713.5544280924,67448.34,0,"2022-09-08T23:59:59.999Z"
"2022-09-07T00:00:00.000Z","2022-09-07T23:59:59.999Z","2022-09-07T22:17:00.000Z","2022-09-07T03:00:00.000Z",1625.7685640254,1716.8402580281,1556.6489233118,1697.3296019443,126056.88,0,"2022-09-07T23:59:59.999Z"
"2022-09-06T00:00:00.000Z","2022-09-06T23:59:59.999Z","2022-09-06T12:28:00.000Z","2022-09-06T20:37:00.000Z",1697.1984069347,1763.3039272197,1624.1758116429,1625.7369460583,1229618.27,0,"2022-09-06T23:59:59.999Z"
"2022-09-05T00:00:00.000Z","2022-09-05T23:59:59.999Z","2022-09-05T23:50:00.000Z","2022-09-05T08:11:00.000Z",1654.1326922474,1699.2244430051,1642.3813546442,1697.1071022186,1756220.43,0,"2022-09-05T23:59:59.999Z"
"2022-09-04T00:00:00.000Z","2022-09-04T23:59:59.999Z","2022-09-04T23:44:00.000Z","2022-09-04T08:05:00.000Z",1634.5329796854,1654.2449283728,1623.7050051556,1654.1041457739,179086.79,0,"2022-09-04T23:59:59.999Z"
"2022-09-03T00:00:00.000Z","2022-09-03T23:59:59.999Z","2022-09-03T00:58:00.000Z","2022-09-03T07:55:00.000Z",1655.0064127882,1657.3411853031,1620.603937227,1634.5159986741,79840.28,0,"2022-09-03T23:59:59.999Z"
"2022-09-02T00:00:00.000Z","2022-09-02T23:59:59.999Z","2022-09-02T14:44:00.000Z","2022-09-02T19:48:00.000Z",1669.2204284856,1724.1742024293,1634.2869009189,1656.2742725293,447966.31,0,"2022-09-02T23:59:59.999Z"
"2022-09-01T00:00:00.000Z","2022-09-01T23:59:59.999Z","2022-09-01T22:16:00.000Z","2022-09-01T15:05:00.000Z",1637.7461008994,1674.1145978844,1605.2619693291,1668.8055961898,679411.55,0,"2022-09-01T23:59:59.999Z"
"2022-08-31T00:00:00.000Z","2022-08-31T23:59:59.999Z","2022-08-31T04:38:00.000Z","2022-08-31T00:00:00.000Z",1607.7923426774,1695.0829028208,1607.7923426774,1636.5179344177,526579.2,0,"2022-08-31T23:59:59.999Z"
"2022-08-30T00:00:00.000Z","2022-08-30T23:59:59.999Z","2022-08-30T10:32:00.000Z","2022-08-30T17:47:00.000Z",1633.0170628038,1679.3489981486,1563.2201658806,1607.8400899111,317252.67,0,"2022-08-30T23:59:59.999Z"
"2022-08-29T00:00:00.000Z","2022-08-29T23:59:59.999Z","2022-08-29T23:48:00.000Z","2022-08-29T00:22:00.000Z",1508.6011841354,1636.0309796489,1505.0314106776,1633.4696959177,668385.58,0,"2022-08-29T23:59:59.999Z"
"2022-08-28T00:00:00.000Z","2022-08-28T23:59:59.999Z","2022-08-28T02:35:00.000Z","2022-08-28T23:59:00.000Z",1567.5440655494,1582.2730773417,1508.7446642628,1508.7446642628,2010077.51,0,"2022-08-28T23:59:59.999Z"
"2022-08-27T00:00:00.000Z","2022-08-27T23:59:59.999Z","2022-08-27T01:14:00.000Z","2022-08-27T16:30:00.000Z",1588.6748773145,1596.099355616,1532.842734301,1567.9412336995,449407.37,0,"2022-08-27T23:59:59.999Z"
"2022-08-26T00:00:00.000Z","2022-08-26T23:59:59.999Z","2022-08-26T00:00:00.000Z","2022-08-26T23:54:00.000Z",1790.8730934177,1790.8730934177,1583.922356606,1588.2906217301,1379961.54,0,"2022-08-26T23:59:59.999Z"